date,time,open,high,low,close
2022.01.02,16:00,155.466,155.907,155.458,155.814
2022.01.02,20:00,155.816,155.916,155.562,155.588
2022.01.03,00:00,155.592,155.856,155.582,155.853
2022.01.03,04:00,155.851,155.868,155.379,155.401
2022.01.03,08:00,155.403,155.474,154.883,155.216
2022.01.03,12:00,155.218,155.518,155.216,155.464
2022.01.03,16:00,155.464,155.566,155.214,155.519
2022.01.03,20:00,155.518,155.999,155.458,155.952
2022.01.04,00:00,155.95,156.371,155.749,156.283
2022.01.04,04:00,156.284,156.856,156.269,156.808
2022.01.04,08:00,156.809,157.426,156.807,157.274
2022.01.04,12:00,157.273,157.394,157.025,157.054
2022.01.04,16:00,157.055,157.29,156.983,157.206
2022.01.04,20:00,157.207,157.224,156.808,156.954
2022.01.05,00:00,156.959,157.157,156.859,157.029
2022.01.05,04:00,157.029,157.075,156.572,156.798
2022.01.05,08:00,156.796,157.368,156.743,157.314
2022.01.05,12:00,157.314,157.766,157.277,157.33
2022.01.05,16:00,157.333,157.466,157.13,157.269
2022.01.05,20:00,157.27,157.276,156.713,156.745
2022.01.06,00:00,156.744,156.876,156.082,156.325
2022.01.06,04:00,156.321,156.956,156.208,156.806
2022.01.06,08:00,156.807,157.007,156.376,156.741
2022.01.06,12:00,156.741,156.861,156.58,156.811
2022.01.06,16:00,156.812,157.053,156.66,156.955
2022.01.06,20:00,156.955,157.102,156.916,157.017
2022.01.07,00:00,157.018,157.048,156.745,156.863
2022.01.07,04:00,156.861,157.035,156.773,156.896
2022.01.07,08:00,156.894,157.057,156.737,157.021
2022.01.07,12:00,157.022,157.179,156.941,157.098
2022.01.07,16:00,157.095,157.165,156.98,157.004
2022.01.09,16:00,156.737,157.217,156.727,157.134
2022.01.09,20:00,157.134,157.372,157.059,157.303
2022.01.10,00:00,157.303,157.347,157.05,157.166
2022.01.10,04:00,157.166,157.283,156.311,156.365
2022.01.10,08:00,156.365,156.506,155.943,156.195
2022.01.10,12:00,156.196,156.495,156.034,156.486
2022.01.10,16:00,156.489,156.672,156.237,156.65
2022.01.10,20:00,156.648,156.879,156.538,156.648
2022.01.11,00:00,156.647,156.985,156.426,156.945
2022.01.11,04:00,156.947,157.132,156.744,156.786
2022.01.11,08:00,156.787,157.214,156.746,157.172
2022.01.11,12:00,157.172,157.31,157.084,157.145
2022.01.11,16:00,157.149,157.31,157.111,157.166
2022.01.11,20:00,157.169,157.421,157.055,157.349
2022.01.12,00:00,157.347,157.433,157.173,157.215
2022.01.12,04:00,157.216,157.437,157.108,157.401
2022.01.12,08:00,157.399,157.705,157.034,157.164
2022.01.12,12:00,157.165,157.166,156.752,157.025
2022.01.12,16:00,157.024,157.229,156.984,157.148
2022.01.12,20:00,157.147,157.26,156.986,157.105
2022.01.13,00:00,157.105,157.333,157.015,157.235
2022.01.13,04:00,157.241,157.458,156.807,156.824
2022.01.13,08:00,156.824,157.139,156.514,156.528
2022.01.13,12:00,156.53,156.601,156.305,156.403
2022.01.13,16:00,156.403,156.614,156.157,156.179
2022.01.13,20:00,156.178,156.339,156.0,156.13
2022.01.14,00:00,156.13,156.342,155.99,156.336
2022.01.14,04:00,156.333,156.519,155.812,155.885
2022.01.14,08:00,155.882,155.939,155.453,155.7
2022.01.14,12:00,155.695,156.222,155.665,156.199
2022.01.14,16:00,156.199,156.289,156.116,156.116
2022.01.16,16:00,156.005,156.395,155.985,156.293
2022.01.16,20:00,156.294,156.552,156.239,156.482
2022.01.17,00:00,156.486,156.644,156.378,156.461
2022.01.17,04:00,156.46,156.714,156.239,156.301
2022.01.17,08:00,156.302,156.503,156.236,156.378
2022.01.17,12:00,156.381,156.481,156.33,156.376
2022.01.17,16:00,156.375,156.438,156.268,156.424
2022.01.17,20:00,156.424,156.899,156.33,156.646
2022.01.18,00:00,156.646,156.799,156.358,156.497
2022.01.18,04:00,156.496,156.509,155.741,155.783
2022.01.18,08:00,155.784,155.9,155.472,155.696
2022.01.18,12:00,155.696,155.893,155.52,155.772
2022.01.18,16:00,155.771,155.943,155.715,155.938
2022.01.18,20:00,155.937,156.072,155.587,155.6
2022.01.19,00:00,155.6,155.659,155.396,155.574
2022.01.19,04:00,155.575,156.229,155.573,156.056
2022.01.19,08:00,156.054,156.198,155.632,155.692
2022.01.19,12:00,155.693,155.856,155.578,155.632
2022.01.19,16:00,155.633,155.765,155.54,155.668
2022.01.19,20:00,155.667,155.943,155.441,155.89
2022.01.20,00:00,155.891,156.06,155.715,155.769
2022.01.20,04:00,155.768,155.806,155.402,155.513
2022.01.20,08:00,155.512,155.786,155.445,155.62
2022.01.20,12:00,155.621,155.672,155.139,155.175
2022.01.20,16:00,155.174,155.256,154.583,154.603
2022.01.20,20:00,154.6,154.858,154.445,154.645
2022.01.21,00:00,154.647,154.786,154.413,154.68
2022.01.21,04:00,154.682,154.693,154.228,154.374
2022.01.21,08:00,154.372,154.475,153.905,154.234
2022.01.21,12:00,154.235,154.236,153.958,154.019
2022.01.21,16:00,154.021,154.111,154.009,154.036
2022.01.23,16:00,153.996,154.317,153.925,154.291
2022.01.23,20:00,154.291,154.484,154.264,154.419
2022.01.24,00:00,154.42,154.459,153.737,153.752
2022.01.24,04:00,153.752,153.768,153.313,153.441
2022.01.24,08:00,153.441,153.66,152.954,153.057
2022.01.24,12:00,153.057,153.745,152.899,153.716
2022.01.24,16:00,153.716,153.876,153.593,153.643
2022.01.24,20:00,153.645,153.645,153.127,153.217
2022.01.25,00:00,153.216,153.706,153.135,153.571
2022.01.25,04:00,153.573,153.9,153.114,153.449
2022.01.25,08:00,153.445,153.767,153.172,153.673
2022.01.25,12:00,153.673,154.011,153.577,153.855
2022.01.25,16:00,153.856,153.911,153.693,153.769
2022.01.25,20:00,153.771,153.977,153.668,153.902
2022.01.26,00:00,153.899,154.215,153.783,154.048
2022.01.26,04:00,154.046,154.367,153.958,154.324
2022.01.26,08:00,154.322,154.566,154.218,154.526
2022.01.26,12:00,154.526,154.733,153.883,154.255
2022.01.26,16:00,154.256,154.537,154.206,154.241
2022.01.26,20:00,154.242,154.267,153.877,154.021
2022.01.27,00:00,154.019,154.386,153.817,154.352
2022.01.27,04:00,154.352,154.679,154.125,154.419
2022.01.27,08:00,154.418,154.716,154.137,154.561
2022.01.27,12:00,154.561,154.562,154.032,154.348
2022.01.27,16:00,154.347,154.648,154.202,154.626
2022.01.27,20:00,154.621,154.771,154.526,154.735
2022.01.28,00:00,154.733,154.947,154.466,154.503
2022.01.28,04:00,154.502,154.855,154.338,154.69
2022.01.28,08:00,154.69,154.953,154.388,154.571
2022.01.28,12:00,154.572,154.602,154.086,154.38
2022.01.28,16:00,154.381,154.409,154.287,154.351
2022.01.30,16:00,154.411,154.74,154.368,154.704
2022.01.30,20:00,154.702,155.016,154.692,154.912
2022.01.31,00:00,154.911,155.209,154.844,155.104
2022.01.31,04:00,155.096,155.327,154.648,154.917
2022.01.31,08:00,154.915,155.235,154.439,154.869
2022.01.31,12:00,154.869,154.869,154.587,154.767
2022.01.31,16:00,154.767,154.834,154.505,154.723
2022.01.31,20:00,154.721,154.808,154.483,154.593
2022.02.01,00:00,154.594,155.026,154.582,154.891
2022.02.01,04:00,154.888,154.919,154.545,154.588
2022.02.01,08:00,154.588,155.201,154.531,154.997
2022.02.01,12:00,154.995,155.202,154.755,155.08
2022.02.01,16:00,155.08,155.217,154.909,155.099
2022.02.01,20:00,155.097,155.198,155.041,155.155
2022.02.02,00:00,155.154,155.21,154.976,155.007
2022.02.02,04:00,155.009,155.153,154.805,155.135
2022.02.02,08:00,155.134,155.297,154.841,155.168
2022.02.02,12:00,155.167,155.434,155.109,155.325
2022.02.02,16:00,155.327,155.36,155.077,155.185
2022.02.02,20:00,155.186,155.289,155.041,155.189
2022.02.03,00:00,155.188,155.504,155.148,155.468
2022.02.03,04:00,155.467,156.487,155.365,155.926
2022.02.03,08:00,155.924,156.498,155.732,156.252
2022.02.03,12:00,156.25,156.381,156.061,156.218
2022.02.03,16:00,156.22,156.501,156.177,156.434
2022.02.03,20:00,156.434,156.492,156.181,156.289
2022.02.04,00:00,156.289,156.445,156.093,156.186
2022.02.04,04:00,156.187,156.243,155.72,155.795
2022.02.04,08:00,155.796,156.154,155.557,156.037
2022.02.04,12:00,156.036,156.091,155.843,155.862
2022.02.04,16:00,155.863,155.875,155.786,155.82
2022.02.06,16:00,156.027,156.078,155.79,155.926
2022.02.06,20:00,155.927,156.087,155.804,155.941
2022.02.07,00:00,155.941,156.162,155.748,155.8
2022.02.07,04:00,155.801,155.868,155.13,155.402
2022.02.07,08:00,155.399,155.779,155.338,155.749
2022.02.07,12:00,155.748,155.779,155.593,155.734
2022.02.07,16:00,155.735,156.083,155.558,156.048
2022.02.07,20:00,156.047,156.154,155.985,156.062
2022.02.08,00:00,156.063,156.248,155.977,156.217
2022.02.08,04:00,156.217,156.428,156.029,156.046
2022.02.08,08:00,156.045,156.719,155.993,156.675
2022.02.08,12:00,156.675,156.691,156.415,156.559
2022.02.08,16:00,156.557,156.678,156.364,156.45
2022.02.08,20:00,156.447,156.548,156.349,156.527
2022.02.09,00:00,156.526,156.636,156.279,156.568
2022.02.09,04:00,156.568,156.854,156.464,156.72
2022.02.09,08:00,156.719,156.825,156.277,156.305
2022.02.09,12:00,156.309,156.41,156.192,156.374
2022.02.09,16:00,156.381,156.487,156.282,156.406
2022.02.09,20:00,156.405,156.503,156.243,156.447
2022.02.10,00:00,156.448,156.742,156.374,156.602
2022.02.10,04:00,156.6,157.228,156.592,157.178
2022.02.10,08:00,157.179,158.059,157.016,157.972
2022.02.10,12:00,157.971,158.062,157.197,157.282
2022.02.10,16:00,157.281,157.402,157.112,157.166
2022.02.10,20:00,157.164,157.266,157.019,157.073
2022.02.11,00:00,157.073,157.433,156.707,157.352
2022.02.11,04:00,157.353,157.544,157.221,157.451
2022.02.11,08:00,157.452,157.68,157.204,157.639
2022.02.11,12:00,157.639,157.705,155.857,156.231
2022.02.11,16:00,156.217,156.66,156.172,156.496
2022.02.13,16:00,156.323,156.858,156.304,156.5
2022.02.13,20:00,156.501,156.71,156.253,156.424
2022.02.14,00:00,156.424,156.444,155.302,155.395
2022.02.14,04:00,155.394,156.374,155.353,156.247
2022.02.14,08:00,156.247,156.473,155.974,156.394
2022.02.14,12:00,156.395,156.546,155.993,156.347
2022.02.14,16:00,156.35,156.427,156.143,156.231
2022.02.14,20:00,156.231,156.303,156.125,156.212
2022.02.15,00:00,156.211,156.824,155.962,156.803
2022.02.15,04:00,156.802,156.81,156.458,156.592
2022.02.15,08:00,156.593,156.717,156.187,156.56
2022.02.15,12:00,156.563,156.594,156.416,156.512
2022.02.15,16:00,156.512,156.707,156.364,156.673
2022.02.15,20:00,156.673,156.752,156.599,156.675
2022.02.16,00:00,156.675,157.033,156.672,156.988
2022.02.16,04:00,156.991,157.111,156.669,156.786
2022.02.16,08:00,156.782,156.901,156.346,156.765
2022.02.16,12:00,156.767,156.985,156.711,156.893
2022.02.16,16:00,156.893,156.918,156.639,156.857
2022.02.16,20:00,156.857,156.992,156.096,156.431
2022.02.17,00:00,156.43,156.852,156.044,156.333
2022.02.17,04:00,156.331,156.74,156.114,156.687
2022.02.17,08:00,156.685,156.895,156.38,156.704
2022.02.17,12:00,156.707,156.801,156.453,156.472
2022.02.17,16:00,156.475,156.531,156.214,156.334
2022.02.17,20:00,156.334,156.88,156.334,156.742
2022.02.18,00:00,156.741,157.287,156.699,157.062
2022.02.18,04:00,157.061,157.075,156.726,156.78
2022.02.18,08:00,156.778,156.78,156.211,156.326
2022.02.18,12:00,156.324,156.566,156.213,156.474
2022.02.18,16:00,156.477,156.557,156.216,156.216
2022.02.20,16:00,156.227,156.597,156.08,156.507
2022.02.20,20:00,156.505,156.635,156.379,156.595
2022.02.21,00:00,156.595,156.746,156.442,156.704
2022.02.21,04:00,156.704,156.73,156.269,156.382
2022.02.21,08:00,156.382,156.431,156.115,156.25
2022.02.21,12:00,156.249,156.348,156.013,156.149
2022.02.21,16:00,156.15,156.207,155.51,155.961
2022.02.21,20:00,155.96,155.991,155.644,155.841
2022.02.22,00:00,155.843,156.044,155.568,155.99
2022.02.22,04:00,155.992,156.117,155.683,155.883
2022.02.22,08:00,155.88,156.507,155.856,156.283
2022.02.22,12:00,156.283,156.474,156.076,156.236
2022.02.22,16:00,156.237,156.459,156.182,156.363
2022.02.22,20:00,156.363,156.502,156.288,156.413
2022.02.23,00:00,156.412,156.699,156.281,156.64
2022.02.23,04:00,156.644,156.77,156.326,156.342
2022.02.23,08:00,156.341,156.538,155.896,156.01
2022.02.23,12:00,156.011,156.088,155.6,155.748
2022.02.23,16:00,155.749,155.805,155.437,155.468
2022.02.23,20:00,155.469,155.884,154.459,154.896
2022.02.24,00:00,154.898,154.914,154.164,154.317
2022.02.24,04:00,154.316,154.584,153.454,153.765
2022.02.24,08:00,153.765,154.223,153.362,154.214
2022.02.24,12:00,154.212,154.973,153.972,154.772
2022.02.24,16:00,154.772,154.818,154.415,154.567
2022.02.24,20:00,154.566,154.791,154.393,154.699
2022.02.25,00:00,154.699,154.791,154.151,154.192
2022.02.25,04:00,154.192,154.995,154.182,154.875
2022.02.25,08:00,154.875,155.177,154.488,154.975
2022.02.25,12:00,154.975,155.077,154.883,154.944
2022.02.25,16:00,154.942,155.046,154.832,154.832
2022.02.27,16:00,153.978,154.681,153.858,154.513
2022.02.27,20:00,154.512,154.652,154.072,154.223
2022.02.28,00:00,154.222,154.641,154.193,154.46
2022.02.28,04:00,154.461,154.99,154.446,154.653
2022.02.28,08:00,154.652,154.893,154.351,154.468
2022.02.28,12:00,154.468,154.476,153.949,154.183
2022.02.28,16:00,154.183,154.686,154.18,154.589
2022.02.28,20:00,154.59,154.637,154.342,154.422
2022.03.01,00:00,154.421,154.552,154.281,154.345
2022.03.01,04:00,154.345,154.387,153.695,153.826
2022.03.01,08:00,153.826,154.092,152.898,152.998
2022.03.01,12:00,152.998,153.094,152.656,152.968
2022.03.01,16:00,152.968,153.255,152.956,153.18
2022.03.01,20:00,153.18,153.436,153.127,153.135
2022.03.02,00:00,153.136,153.365,152.811,153.206
2022.03.02,04:00,153.205,153.755,152.871,153.708
2022.03.02,08:00,153.708,154.553,153.648,154.476
2022.03.02,12:00,154.474,154.83,154.309,154.792
2022.03.02,16:00,154.792,154.919,154.633,154.704
2022.03.02,20:00,154.704,155.064,154.649,155.047
2022.03.03,00:00,155.046,155.224,154.744,154.887
2022.03.03,04:00,154.888,155.002,154.647,154.783
2022.03.03,08:00,154.781,154.898,154.024,154.115
2022.03.03,12:00,154.114,154.337,153.861,153.975
2022.03.03,16:00,153.975,154.173,153.557,153.757
2022.03.03,20:00,153.756,154.216,153.678,154.024
2022.03.04,00:00,154.025,154.14,153.507,153.589
2022.03.04,04:00,153.586,153.7,153.049,153.135
2022.03.04,08:00,153.136,153.25,151.462,151.475
2022.03.04,12:00,151.475,152.118,151.475,152.103
2022.03.04,16:00,152.109,152.142,151.906,151.932
2022.03.06,16:00,151.941,152.106,151.583,151.85
2022.03.06,20:00,151.851,151.938,151.471,151.842
2022.03.07,00:00,151.841,152.228,151.24,151.382
2022.03.07,04:00,151.381,152.196,151.177,151.98
2022.03.07,08:00,151.985,152.158,151.255,151.342
2022.03.07,12:00,151.344,151.568,151.031,151.088
2022.03.07,16:00,151.09,151.335,151.044,151.311
2022.03.07,20:00,151.312,151.584,151.284,151.505
2022.03.08,00:00,151.505,151.654,150.975,151.527
2022.03.08,04:00,151.528,151.897,151.397,151.596
2022.03.08,08:00,151.592,151.791,151.403,151.48
2022.03.08,12:00,151.483,152.007,151.455,151.475
2022.03.08,16:00,151.472,151.899,151.397,151.863
2022.03.08,20:00,151.863,152.025,151.772,151.944
2022.03.09,00:00,151.943,152.179,151.791,152.148
2022.03.09,04:00,152.148,152.724,152.045,152.336
2022.03.09,08:00,152.337,152.608,152.123,152.481
2022.03.09,12:00,152.484,152.743,152.408,152.688
2022.03.09,16:00,152.691,152.861,152.602,152.729
2022.03.09,20:00,152.728,152.984,152.531,152.975
2022.03.10,00:00,152.974,152.991,152.297,152.481
2022.03.10,04:00,152.482,152.854,152.425,152.734
2022.03.10,08:00,152.734,152.977,152.09,152.106
2022.03.10,12:00,152.107,152.293,151.877,151.919
2022.03.10,16:00,151.919,152.367,151.885,152.248
2022.03.10,20:00,152.247,152.55,152.01,152.511
2022.03.11,00:00,152.511,152.977,152.47,152.737
2022.03.11,04:00,152.738,153.397,152.704,153.015
2022.03.11,08:00,153.019,153.217,152.8,152.943
2022.03.11,12:00,152.943,153.02,152.82,152.829
2022.03.11,16:00,152.832,152.933,152.786,152.887
2022.03.13,16:00,152.932,153.453,152.831,153.322
2022.03.13,20:00,153.322,153.448,153.179,153.196
2022.03.14,00:00,153.199,153.697,153.199,153.578
2022.03.14,04:00,153.58,154.187,153.532,154.058
2022.03.14,08:00,154.057,154.137,153.748,153.752
2022.03.14,12:00,153.753,153.802,153.584,153.639
2022.03.14,16:00,153.638,153.898,153.57,153.784
2022.03.14,20:00,153.785,154.409,153.782,154.352
2022.03.15,00:00,154.352,154.489,153.225,153.491
2022.03.15,04:00,153.489,154.218,153.467,154.191
2022.03.15,08:00,154.191,154.686,154.039,154.389
2022.03.15,12:00,154.39,154.462,154.11,154.256
2022.03.15,16:00,154.24,154.444,154.093,154.389
2022.03.15,20:00,154.393,154.409,154.246,154.286
2022.03.16,00:00,154.288,154.636,154.247,154.502
2022.03.16,04:00,154.504,154.918,154.437,154.891
2022.03.16,08:00,154.893,155.496,154.642,155.476
2022.03.16,12:00,155.472,156.134,155.171,156.057
2022.03.16,16:00,156.061,156.566,156.012,156.436
2022.03.16,20:00,156.437,156.459,155.971,156.241
2022.03.17,00:00,156.241,156.606,156.187,156.43
2022.03.17,04:00,156.429,156.702,155.449,155.599
2022.03.17,08:00,155.598,155.987,155.522,155.947
2022.03.17,12:00,155.946,156.091,155.86,155.912
2022.03.17,16:00,155.897,156.318,155.854,156.207
2022.03.17,20:00,156.207,156.309,156.169,156.226
2022.03.18,00:00,156.226,156.546,156.025,156.277
2022.03.18,04:00,156.277,156.516,156.137,156.429
2022.03.18,08:00,156.43,157.137,156.375,157.128
2022.03.18,12:00,157.127,157.222,156.938,156.962
2022.03.20,16:00,156.815,157.125,156.761,156.883
2022.03.20,20:00,156.882,156.995,156.779,156.845
2022.03.21,00:00,156.845,156.987,156.732,156.747
2022.03.21,04:00,156.743,156.887,156.37,156.805
2022.03.21,08:00,156.807,157.5,156.803,157.404
2022.03.21,12:00,157.404,157.503,157.142,157.285
2022.03.21,16:00,157.271,157.779,157.199,157.574
2022.03.21,20:00,157.575,158.144,157.501,158.107
2022.03.22,00:00,158.107,158.843,157.881,158.728
2022.03.22,04:00,158.727,160.07,158.698,159.523
2022.03.22,08:00,159.523,160.174,159.502,159.929
2022.03.22,12:00,159.931,160.232,159.88,160.147
2022.03.22,16:00,160.133,161.019,160.1,160.73
2022.03.22,20:00,160.728,161.093,160.395,160.774
2022.03.23,00:00,160.774,160.933,159.793,159.857
2022.03.23,04:00,159.857,160.29,159.032,159.279
2022.03.23,08:00,159.279,159.956,159.045,159.832
2022.03.23,12:00,159.832,160.036,159.761,159.943
2022.03.23,16:00,159.914,160.123,159.651,159.677
2022.03.23,20:00,159.675,159.977,159.58,159.892
2022.03.24,00:00,159.895,160.677,159.839,160.06
2022.03.24,04:00,160.062,160.729,160.026,160.559
2022.03.24,08:00,160.558,161.341,160.454,161.277
2022.03.24,12:00,161.277,161.402,161.058,161.319
2022.03.24,16:00,161.313,161.491,160.862,160.97
2022.03.24,20:00,160.97,161.124,160.16,160.594
2022.03.25,00:00,160.592,161.108,159.912,159.929
2022.03.25,04:00,159.929,160.804,159.847,160.65
2022.03.25,08:00,160.655,161.273,160.63,160.945
2022.03.25,12:00,160.945,161.146,160.777,160.832
2022.03.27,16:00,160.676,161.098,160.669,161.061
2022.03.27,20:00,161.063,162.003,160.761,161.892
2022.03.28,00:00,161.892,163.0,161.586,162.906
2022.03.28,04:00,162.908,164.627,162.529,162.681
2022.03.28,08:00,162.682,162.754,161.267,161.374
2022.03.28,12:00,161.373,162.155,161.203,162.139
2022.03.28,16:00,162.14,162.706,161.822,161.903
2022.03.28,20:00,161.901,162.575,161.21,161.308
2022.03.29,00:00,161.306,162.304,161.299,161.77
2022.03.29,04:00,161.769,162.615,161.486,162.237
2022.03.29,08:00,162.238,162.356,160.278,160.954
2022.03.29,12:00,160.954,161.047,160.252,160.94
2022.03.29,16:00,160.942,161.359,160.57,161.202
2022.03.29,20:00,161.202,161.202,159.035,159.453
2022.03.30,00:00,159.451,160.104,159.303,159.981
2022.03.30,04:00,159.985,160.492,159.581,160.181
2022.03.30,08:00,160.181,160.845,160.092,160.36
2022.03.30,12:00,160.358,160.415,159.924,159.991
2022.03.30,16:00,159.992,160.438,159.938,160.295
2022.03.30,20:00,160.294,160.873,160.162,160.449
2022.03.31,00:00,160.453,160.459,159.439,159.774
2022.03.31,04:00,159.773,160.319,159.518,159.638
2022.03.31,08:00,159.638,159.961,159.433,159.665
2022.03.31,12:00,159.665,159.942,159.605,159.901
2022.03.31,16:00,159.898,160.201,159.64,160.032
2022.03.31,20:00,160.03,161.181,160.007,161.056
2022.04.01,00:00,161.056,161.06,160.468,160.923
2022.04.01,04:00,160.925,161.041,160.619,160.782
2022.04.01,08:00,160.783,161.125,160.673,160.755
2022.04.01,12:00,160.75,160.805,160.381,160.687
2022.04.01,16:00,160.685,160.723,160.573,160.608
2022.04.03,16:00,160.56,160.837,160.514,160.7
2022.04.03,20:00,160.699,161.015,160.272,160.963
2022.04.04,00:00,160.962,161.171,160.763,161.005
2022.04.04,04:00,161.006,161.007,160.742,160.798
2022.04.04,08:00,160.799,161.3,160.714,160.95
2022.04.04,12:00,160.95,161.091,160.74,161.0
2022.04.04,16:00,160.997,161.059,160.924,161.016
2022.04.04,20:00,161.014,161.082,160.5,160.662
2022.04.05,00:00,160.66,161.495,160.598,161.321
2022.04.05,04:00,161.32,161.462,161.081,161.452
2022.04.05,08:00,161.451,161.966,161.218,161.759
2022.04.05,12:00,161.76,161.858,161.53,161.647
2022.04.05,16:00,161.648,161.776,161.409,161.704
2022.04.05,20:00,161.703,162.129,161.604,161.775
2022.04.06,00:00,161.774,162.024,161.67,161.863
2022.04.06,04:00,161.863,162.242,161.82,162.08
2022.04.06,08:00,162.082,162.271,161.708,161.828
2022.04.06,12:00,161.828,162.006,161.629,161.828
2022.04.06,16:00,161.829,161.983,161.52,161.694
2022.04.06,20:00,161.695,161.851,161.394,161.781
2022.04.07,00:00,161.781,162.262,161.65,162.002
2022.04.07,04:00,162.001,162.232,161.607,162.132
2022.04.07,08:00,162.129,162.225,161.633,161.669
2022.04.07,12:00,161.67,162.111,161.657,162.043
2022.04.07,16:00,162.044,162.351,161.962,162.173
2022.04.07,20:00,162.167,162.237,161.642,161.986
2022.04.08,00:00,161.987,162.126,161.64,161.764
2022.04.08,04:00,161.764,161.967,161.715,161.808
2022.04.08,08:00,161.807,162.118,161.717,161.982
2022.04.08,12:00,161.981,162.165,161.918,162.062
2022.04.08,16:00,162.062,162.096,161.952,161.978
2022.04.10,16:00,161.524,162.164,161.524,162.087
2022.04.10,20:00,162.081,162.687,161.926,162.495
2022.04.11,00:00,162.496,163.16,162.474,163.16
2022.04.11,04:00,163.16,163.789,163.044,163.789
2022.04.11,08:00,163.787,163.84,163.316,163.612
2022.04.11,12:00,163.612,163.613,163.299,163.311
2022.04.11,16:00,163.308,163.546,163.254,163.413
2022.04.11,20:00,163.412,163.525,163.098,163.336
2022.04.12,00:00,163.336,163.623,163.1,163.356
2022.04.12,04:00,163.356,163.549,163.271,163.389
2022.04.12,08:00,163.39,163.425,162.784,163.186
2022.04.12,12:00,163.189,163.288,162.85,162.952
2022.04.12,16:00,162.958,163.138,162.889,163.067
2022.04.12,20:00,163.067,163.427,162.988,163.305
2022.04.13,00:00,163.307,164.022,163.231,163.83
2022.04.13,04:00,163.831,164.069,163.473,163.566
2022.04.13,08:00,163.566,164.217,163.402,164.073
2022.04.13,12:00,164.073,164.771,163.974,164.746
2022.04.13,16:00,164.745,164.848,164.436,164.449
2022.04.13,20:00,164.449,164.735,164.351,164.471
2022.04.14,00:00,164.47,164.786,164.266,164.571
2022.04.14,04:00,164.568,164.771,164.355,164.408
2022.04.14,08:00,164.408,164.58,164.028,164.334
2022.04.14,12:00,164.339,164.772,164.324,164.671
2022.04.14,16:00,164.671,164.922,164.282,164.83
2022.04.14,20:00,164.83,165.238,164.651,165.071
2022.04.15,00:00,165.069,165.406,164.949,165.326
2022.04.15,04:00,165.326,165.351,165.076,165.226
2022.04.15,08:00,165.227,165.339,164.955,164.966
2022.04.15,12:00,164.966,165.169,164.962,165.04
2022.04.15,16:00,165.035,165.201,164.904,164.948
2022.04.17,16:00,164.903,165.418,164.866,165.313
2022.04.17,20:00,165.312,165.409,164.749,165.003
2022.04.18,00:00,165.002,165.047,164.633,164.741
2022.04.18,04:00,164.74,165.037,164.712,164.996
2022.04.18,08:00,165.0,165.079,164.813,165.035
2022.04.18,12:00,165.034,165.238,164.975,165.141
2022.04.18,16:00,165.14,165.418,165.128,165.378
2022.04.18,20:00,165.381,166.401,165.276,166.35
2022.04.19,00:00,166.35,166.875,166.157,166.667
2022.04.19,04:00,166.668,167.402,166.645,166.861
2022.04.19,08:00,166.862,167.455,166.735,167.228
2022.04.19,12:00,167.228,167.607,167.197,167.547
2022.04.19,16:00,167.548,168.332,167.425,168.305
2022.04.19,20:00,168.303,168.423,167.04,167.379
2022.04.20,00:00,167.378,167.776,167.168,167.277
2022.04.20,04:00,167.282,167.499,166.514,166.906
2022.04.20,08:00,166.903,167.257,166.424,166.777
2022.04.20,12:00,166.775,166.948,166.648,166.834
2022.04.20,16:00,166.838,167.444,166.766,167.253
2022.04.20,20:00,167.251,167.806,167.209,167.377
2022.04.21,00:00,167.377,167.6,167.085,167.376
2022.04.21,04:00,167.375,167.514,167.034,167.115
2022.04.21,08:00,167.112,167.904,166.971,167.734
2022.04.21,12:00,167.733,167.776,167.003,167.137
2022.04.21,16:00,167.136,167.425,167.057,167.279
2022.04.21,20:00,167.282,167.58,167.08,167.254
2022.04.22,00:00,167.257,167.322,165.181,165.293
2022.04.22,04:00,165.293,165.827,165.202,165.498
2022.04.22,08:00,165.494,165.804,164.797,165.439
2022.04.22,12:00,165.44,165.506,164.817,164.878
2022.04.22,16:00,164.879,165.04,164.84,164.996
2022.04.24,16:00,164.757,165.309,164.751,164.972
2022.04.24,20:00,164.97,165.168,164.093,164.365
2022.04.25,00:00,164.368,164.668,163.004,163.44
2022.04.25,04:00,163.44,163.779,162.85,163.406
2022.04.25,08:00,163.41,163.42,162.049,162.145
2022.04.25,12:00,162.145,163.192,162.083,163.096
2022.04.25,16:00,163.093,163.386,162.72,162.748
2022.04.25,20:00,162.749,163.499,162.255,163.43
2022.04.26,00:00,163.431,163.593,162.422,162.577
2022.04.26,04:00,162.58,162.966,161.734,161.791
2022.04.26,08:00,161.791,161.892,160.437,160.666
2022.04.26,12:00,160.666,160.891,160.385,160.414
2022.04.26,16:00,160.412,160.422,159.621,160.098
2022.04.26,20:00,160.098,160.783,160.077,160.647
2022.04.27,00:00,160.649,161.18,160.189,160.881
2022.04.27,04:00,160.883,161.241,160.312,160.895
2022.04.27,08:00,160.892,161.238,160.307,161.1
2022.04.27,12:00,161.102,161.382,160.802,160.944
2022.04.27,16:00,160.947,161.185,160.876,161.054
2022.04.27,20:00,161.062,162.51,160.883,162.261
2022.04.28,00:00,162.26,164.093,162.107,163.966
2022.04.28,04:00,163.968,164.246,162.476,162.666
2022.04.28,08:00,162.667,163.243,162.222,162.858
2022.04.28,12:00,162.856,163.442,162.825,163.163
2022.04.28,16:00,163.164,163.18,162.74,163.012
2022.04.28,20:00,163.013,163.246,162.891,163.07
2022.04.29,00:00,163.065,163.554,162.999,163.284
2022.04.29,04:00,163.285,163.983,162.908,163.226
2022.04.29,08:00,163.224,163.576,162.382,163.103
2022.04.29,12:00,163.106,163.356,162.942,163.177
2022.04.29,16:00,163.175,163.41,163.153,163.188
2022.05.01,16:00,163.195,163.882,163.179,163.403
2022.05.01,20:00,163.404,163.681,163.209,163.604
2022.05.02,00:00,163.604,163.823,163.476,163.588
2022.05.02,04:00,163.588,163.741,163.064,163.153
2022.05.02,08:00,163.153,163.268,162.721,163.018
2022.05.02,12:00,163.018,163.056,162.28,162.622
2022.05.02,16:00,162.618,162.709,162.394,162.613
2022.05.02,20:00,162.612,162.93,162.488,162.884
2022.05.03,00:00,162.884,163.326,162.7,163.22
2022.05.03,04:00,163.22,163.406,162.506,162.799
2022.05.03,08:00,162.799,163.204,162.494,162.711
2022.05.03,12:00,162.711,162.798,162.347,162.599
2022.05.03,16:00,162.598,162.656,162.408,162.63
2022.05.03,20:00,162.626,162.714,162.412,162.443
2022.05.04,00:00,162.444,162.81,162.25,162.786
2022.05.04,04:00,162.786,162.866,162.463,162.558
2022.05.04,08:00,162.556,162.804,162.176,162.307
2022.05.04,12:00,162.305,163.14,161.775,162.92
2022.05.04,16:00,162.922,163.567,162.913,163.04
2022.05.04,20:00,163.044,163.078,162.393,162.397
2022.05.05,00:00,162.397,162.701,162.098,162.657
2022.05.05,04:00,162.662,163.171,160.887,161.114
2022.05.05,08:00,161.114,161.495,160.436,160.763
2022.05.05,12:00,160.763,161.179,160.64,160.758
2022.05.05,16:00,160.758,161.153,160.737,161.101
2022.05.05,20:00,161.101,161.579,160.954,161.543
2022.05.06,00:00,161.542,161.6,160.31,160.705
2022.05.06,04:00,160.705,161.298,160.632,160.883
2022.05.06,08:00,160.882,161.206,160.384,160.919
2022.05.06,12:00,160.92,161.244,160.865,161.114
2022.05.06,16:00,161.119,161.119,160.966,160.994
2022.05.08,16:00,161.054,161.294,160.85,161.136
2022.05.08,20:00,161.132,161.409,160.764,160.955
2022.05.09,00:00,160.955,161.344,160.726,161.213
2022.05.09,04:00,161.212,162.074,160.907,162.013
2022.05.09,08:00,162.014,162.179,160.155,160.821
2022.05.09,12:00,160.819,161.255,160.555,160.563
2022.05.09,16:00,160.561,160.972,160.551,160.829
2022.05.09,20:00,160.827,161.273,160.069,161.073
2022.05.10,00:00,161.074,161.513,160.442,160.561
2022.05.10,04:00,160.561,160.791,160.142,160.481
2022.05.10,08:00,160.483,160.594,160.034,160.329
2022.05.10,12:00,160.333,160.727,160.078,160.589
2022.05.10,16:00,160.587,160.693,160.373,160.439
2022.05.10,20:00,160.437,160.871,160.376,160.776
2022.05.11,00:00,160.776,160.862,160.205,160.45
2022.05.11,04:00,160.45,160.699,159.909,160.4
2022.05.11,08:00,160.399,161.304,160.151,160.335
2022.05.11,12:00,160.336,160.46,158.833,159.087
2022.05.11,16:00,159.086,159.289,158.797,158.84
2022.05.11,20:00,158.838,159.045,158.353,158.745
2022.05.12,00:00,158.751,158.806,156.776,157.183
2022.05.12,04:00,157.183,157.364,156.412,156.737
2022.05.12,08:00,156.738,157.199,155.594,156.23
2022.05.12,12:00,156.225,156.732,155.921,156.601
2022.05.12,16:00,156.601,157.003,156.385,156.948
2022.05.12,20:00,156.949,157.932,156.663,157.703
2022.05.13,00:00,157.704,157.739,156.794,157.352
2022.05.13,04:00,157.352,157.635,156.83,157.333
2022.05.13,08:00,157.334,158.266,156.927,158.216
2022.05.13,12:00,158.217,158.461,157.988,158.313
2022.05.13,16:00,158.313,158.488,158.283,158.394
2022.05.15,16:00,158.106,158.746,158.106,158.618
2022.05.15,20:00,158.618,159.225,157.465,157.729
2022.05.16,00:00,157.73,158.394,157.426,158.06
2022.05.16,04:00,158.059,158.749,158.011,158.731
2022.05.16,08:00,158.732,158.852,157.898,158.441
2022.05.16,12:00,158.441,159.271,158.347,159.025
2022.05.16,16:00,159.024,159.101,158.794,158.936
2022.05.16,20:00,158.936,159.67,158.858,159.543
2022.05.17,00:00,159.543,160.859,159.503,160.753
2022.05.17,04:00,160.756,161.593,160.709,161.432
2022.05.17,08:00,161.433,161.846,160.802,161.242
2022.05.17,12:00,161.24,161.562,161.053,161.512
2022.05.17,16:00,161.513,161.774,161.444,161.612
2022.05.17,20:00,161.609,161.737,160.876,160.995
2022.05.18,00:00,160.997,161.432,160.266,160.301
2022.05.18,04:00,160.301,160.47,159.854,160.334
2022.05.18,08:00,160.333,160.526,158.887,158.891
2022.05.18,12:00,158.891,158.98,158.09,158.264
2022.05.18,16:00,158.262,158.665,157.883,157.909
2022.05.18,20:00,157.913,159.53,157.886,159.431
2022.05.19,00:00,159.431,159.799,158.172,158.79
2022.05.19,04:00,158.791,159.076,158.057,159.041
2022.05.19,08:00,159.041,159.915,157.871,159.568
2022.05.19,12:00,159.566,159.806,159.276,159.576
2022.05.19,16:00,159.573,159.578,159.122,159.332
2022.05.19,20:00,159.336,159.801,158.725,158.85
2022.05.20,00:00,158.845,159.975,158.763,159.588
2022.05.20,04:00,159.588,160.195,159.346,159.656
2022.05.20,08:00,159.652,160.061,159.228,159.707
2022.05.20,12:00,159.707,159.744,159.083,159.666
2022.05.20,16:00,159.678,159.851,159.566,159.685
2022.05.22,16:00,159.459,160.122,159.287,159.899
2022.05.22,20:00,159.899,160.3,159.401,159.758
2022.05.23,00:00,159.759,160.764,159.671,160.118
2022.05.23,04:00,160.117,160.709,160.029,160.463
2022.05.23,08:00,160.463,160.794,160.174,160.649
2022.05.23,12:00,160.654,160.923,160.456,160.868
2022.05.23,16:00,160.868,161.003,160.581,160.625
2022.05.23,20:00,160.621,160.843,160.302,160.556
2022.05.24,00:00,160.555,160.727,160.058,160.145
2022.05.24,04:00,160.144,160.332,158.732,159.214
2022.05.24,08:00,159.214,159.237,157.986,158.725
2022.05.24,12:00,158.723,159.05,158.532,159.018
2022.05.24,16:00,159.018,159.226,158.85,158.938
2022.05.24,20:00,158.937,159.377,158.775,159.291
2022.05.25,00:00,159.288,159.704,158.968,159.403
2022.05.25,04:00,159.403,159.557,158.383,158.598
2022.05.25,08:00,158.596,159.828,158.408,159.636
2022.05.25,12:00,159.637,160.297,159.596,160.099
2022.05.25,16:00,160.104,160.23,159.826,160.028
2022.05.25,20:00,160.029,160.826,160.011,160.351
2022.05.26,00:00,160.351,160.39,159.152,159.34
2022.05.26,04:00,159.34,160.307,159.011,159.993
2022.05.26,08:00,159.997,160.325,159.503,160.049
2022.05.26,12:00,160.049,160.277,159.95,160.124
2022.05.26,16:00,160.122,160.36,159.755,160.359
2022.05.26,20:00,160.352,160.625,160.08,160.398
2022.05.27,00:00,160.397,160.648,160.141,160.447
2022.05.27,04:00,160.447,160.475,159.815,160.12
2022.05.27,08:00,160.118,160.564,160.063,160.348
2022.05.27,12:00,160.348,160.557,160.193,160.549
2022.05.27,16:00,160.547,160.579,160.469,160.505
2022.05.29,16:00,160.255,160.804,160.255,160.665
2022.05.29,20:00,160.666,160.768,160.326,160.57
2022.05.30,00:00,160.568,160.868,160.471,160.73
2022.05.30,04:00,160.732,161.184,160.616,161.058
2022.05.30,08:00,161.057,161.514,161.036,161.438
2022.05.30,12:00,161.434,161.477,161.327,161.415
2022.05.30,16:00,161.415,161.665,161.241,161.567
2022.05.30,20:00,161.567,161.952,161.49,161.58
2022.05.31,00:00,161.579,161.593,160.936,161.028
2022.05.31,04:00,161.034,161.451,160.989,161.341
2022.05.31,08:00,161.341,162.328,161.206,162.26
2022.05.31,12:00,162.26,162.351,161.998,162.18
2022.05.31,16:00,162.182,162.34,162.004,162.304
2022.05.31,20:00,162.303,162.756,162.303,162.603
2022.06.01,00:00,162.602,163.318,162.377,162.957
2022.06.01,04:00,162.959,163.08,162.677,162.856
2022.06.01,08:00,162.855,163.057,161.965,162.207
2022.06.01,12:00,162.207,162.679,162.035,162.466
2022.06.01,16:00,162.464,162.646,162.368,162.432
2022.06.01,20:00,162.434,162.498,162.12,162.312
2022.06.02,00:00,162.312,162.852,162.107,162.729
2022.06.02,04:00,162.738,162.951,162.625,162.812
2022.06.02,08:00,162.815,163.164,162.581,163.024
2022.06.02,12:00,163.023,163.419,162.963,163.267
2022.06.02,16:00,163.269,163.458,163.175,163.434
2022.06.02,20:00,163.433,163.5,163.054,163.221
2022.06.03,00:00,163.223,163.423,163.151,163.314
2022.06.03,04:00,163.317,163.667,163.281,163.437
2022.06.03,08:00,163.437,164.089,163.309,163.582
2022.06.03,12:00,163.581,163.738,163.452,163.542
2022.06.03,16:00,163.54,163.549,163.31,163.369
2022.06.05,16:00,163.42,163.592,163.263,163.264
2022.06.05,20:00,163.265,163.429,162.906,163.048
2022.06.06,00:00,163.047,164.103,162.944,164.066
2022.06.06,04:00,164.067,164.451,163.903,164.218
2022.06.06,08:00,164.216,165.036,164.046,165.018
2022.06.06,12:00,165.018,165.462,164.863,165.271
2022.06.06,16:00,165.27,165.658,165.173,165.518
2022.06.06,20:00,165.518,166.033,165.395,165.847
2022.06.07,00:00,165.848,166.136,165.278,165.7
2022.06.07,04:00,165.699,166.258,165.699,165.961
2022.06.07,08:00,165.961,166.926,165.654,166.911
2022.06.07,12:00,166.911,167.104,166.647,167.082
2022.06.07,16:00,167.082,167.255,166.862,167.182
2022.06.07,20:00,167.176,167.431,166.972,167.208
2022.06.08,00:00,167.205,167.719,167.14,167.613
2022.06.08,04:00,167.615,168.3,167.414,168.146
2022.06.08,08:00,168.146,168.527,167.684,168.382
2022.06.08,12:00,168.381,168.48,167.947,168.329
2022.06.08,16:00,168.329,168.693,168.113,168.608
2022.06.08,20:00,168.605,168.72,167.911,167.977
2022.06.09,00:00,167.977,168.135,166.759,166.801
2022.06.09,04:00,166.792,167.806,166.695,167.67
2022.06.09,08:00,167.675,168.607,167.51,167.745
2022.06.09,12:00,167.745,168.064,167.631,167.904
2022.06.09,16:00,167.904,168.024,167.697,167.883
2022.06.09,20:00,167.885,167.885,167.332,167.55
2022.06.10,00:00,167.55,167.708,166.546,166.605
2022.06.10,04:00,166.604,167.144,166.285,166.597
2022.06.10,08:00,166.597,166.806,165.165,165.447
2022.06.10,12:00,165.446,165.534,165.213,165.419
2022.06.10,16:00,165.418,165.556,165.331,165.439
2022.06.12,16:00,165.393,165.825,165.347,165.465
2022.06.12,20:00,165.465,165.807,165.336,165.795
2022.06.13,00:00,165.796,166.119,164.678,164.726
2022.06.13,04:00,164.726,164.794,163.552,163.571
2022.06.13,08:00,163.571,163.738,162.244,163.203
2022.06.13,12:00,163.206,163.669,162.829,162.912
2022.06.13,16:00,162.915,163.23,162.87,162.988
2022.06.13,20:00,162.987,163.941,162.696,163.854
2022.06.14,00:00,163.854,164.308,163.581,163.718
2022.06.14,04:00,163.717,163.741,162.213,162.326
2022.06.14,08:00,162.326,162.66,161.332,162.073
2022.06.14,12:00,162.074,162.146,161.529,161.998
2022.06.14,16:00,162.002,162.644,161.952,162.469
2022.06.14,20:00,162.47,162.818,162.013,162.394
2022.06.15,00:00,162.391,162.406,161.722,162.07
2022.06.15,04:00,162.07,163.036,162.021,162.936
2022.06.15,08:00,162.935,163.094,162.097,162.169
2022.06.15,12:00,162.17,163.151,162.043,162.974
2022.06.15,16:00,162.974,163.311,162.711,163.196
2022.06.15,20:00,163.19,163.792,163.156,163.273
2022.06.16,00:00,163.273,163.323,161.943,162.289
2022.06.16,04:00,162.288,162.494,159.983,161.154
2022.06.16,08:00,161.155,162.975,161.11,162.499
2022.06.16,12:00,162.506,163.774,162.424,163.18
2022.06.16,16:00,163.18,163.843,163.092,163.536
2022.06.16,20:00,163.536,165.738,162.966,164.919
2022.06.17,00:00,164.917,165.56,164.097,165.166
2022.06.17,04:00,165.162,166.217,165.035,165.164
2022.06.17,08:00,165.164,165.288,164.475,164.895
2022.06.17,12:00,164.896,165.013,164.576,164.837
2022.06.17,16:00,164.845,165.034,164.777,164.898
2022.06.19,16:00,164.866,165.556,164.781,165.433
2022.06.19,20:00,165.432,165.526,164.465,165.167
2022.06.20,00:00,165.169,165.321,164.489,164.631
2022.06.20,04:00,164.632,165.652,164.612,165.465
2022.06.20,08:00,165.464,165.585,165.068,165.378
2022.06.20,12:00,165.385,165.562,165.251,165.508
2022.06.20,16:00,165.509,165.622,165.13,165.463
2022.06.20,20:00,165.466,165.867,165.337,165.749
2022.06.21,00:00,165.75,166.371,165.394,166.286
2022.06.21,04:00,166.286,167.071,166.16,167.066
2022.06.21,08:00,167.067,167.414,166.827,167.255
2022.06.21,12:00,167.255,167.7,167.006,167.666
2022.06.21,16:00,167.666,167.835,167.116,167.167
2022.06.21,20:00,167.169,167.27,166.485,166.759
2022.06.22,00:00,166.759,167.036,165.759,166.149
2022.06.22,04:00,166.149,167.045,165.946,166.475
2022.06.22,08:00,166.476,167.322,166.25,167.051
2022.06.22,12:00,167.051,167.442,166.926,167.08
2022.06.22,16:00,167.081,167.131,166.435,166.612
2022.06.22,20:00,166.612,166.888,165.634,165.888
2022.06.23,00:00,165.889,166.38,164.805,164.81
2022.06.23,04:00,164.809,165.82,164.803,165.749
2022.06.23,08:00,165.75,165.754,164.745,164.876
2022.06.23,12:00,164.874,165.597,164.652,165.496
2022.06.23,16:00,165.495,165.538,165.217,165.281
2022.06.23,20:00,165.277,165.682,165.101,165.317
2022.06.24,00:00,165.317,165.558,164.8,165.029
2022.06.24,04:00,165.03,166.305,164.862,165.904
2022.06.24,08:00,165.901,166.29,165.638,165.906
2022.06.24,12:00,165.908,166.131,165.723,166.095
2022.06.24,16:00,166.098,166.118,165.854,165.904
2022.06.26,16:00,165.53,166.238,165.53,165.877
2022.06.26,20:00,165.877,165.929,165.122,165.503
2022.06.27,00:00,165.505,166.523,165.382,166.421
2022.06.27,04:00,166.425,166.452,165.868,166.053
2022.06.27,08:00,166.052,166.46,165.769,166.452
2022.06.27,12:00,166.456,166.484,166.073,166.114
2022.06.27,16:00,166.113,166.196,165.949,166.126
2022.06.27,20:00,166.122,166.393,165.713,166.085
2022.06.28,00:00,166.083,166.845,165.967,166.58
2022.06.28,04:00,166.578,166.928,166.265,166.558
2022.06.28,08:00,166.559,166.653,166.014,166.143
2022.06.28,12:00,166.144,166.273,165.876,165.978
2022.06.28,16:00,165.98,166.043,165.703,165.801
2022.06.28,20:00,165.799,166.28,165.734,166.182
2022.06.29,00:00,166.182,166.284,165.43,165.879
2022.06.29,04:00,165.878,166.205,165.662,165.897
2022.06.29,08:00,165.893,166.337,165.595,165.887
2022.06.29,12:00,165.887,165.924,165.402,165.5
2022.06.29,16:00,165.498,165.702,165.448,165.7
2022.06.29,20:00,165.699,165.816,165.426,165.662
2022.06.30,00:00,165.661,165.749,165.066,165.231
2022.06.30,04:00,165.231,165.801,164.853,165.071
2022.06.30,08:00,165.066,165.654,164.801,165.057
2022.06.30,12:00,165.055,165.281,164.922,165.168
2022.06.30,16:00,165.164,165.327,164.957,165.126
2022.06.30,20:00,165.126,165.309,163.622,163.803
2022.07.01,00:00,163.801,163.932,163.255,163.851
2022.07.01,04:00,163.855,164.352,162.66,162.89
2022.07.01,08:00,162.888,162.921,161.566,162.724
2022.07.01,12:00,162.724,163.713,162.687,163.647
2022.07.01,16:00,163.65,163.698,163.501,163.526
2022.07.03,16:00,163.687,163.999,163.339,163.347
2022.07.03,20:00,163.344,163.53,162.996,163.388
2022.07.04,00:00,163.383,164.281,163.303,164.21
2022.07.04,04:00,164.212,164.579,163.779,164.463
2022.07.04,08:00,164.46,164.742,164.204,164.253
2022.07.04,12:00,164.253,164.369,164.134,164.223
2022.07.04,16:00,164.226,164.734,163.948,164.572
2022.07.04,20:00,164.564,165.273,164.424,164.878
2022.07.05,00:00,164.876,165.215,164.222,164.386
2022.07.05,04:00,164.386,164.453,163.12,163.176
2022.07.05,08:00,163.176,163.176,161.58,161.93
2022.07.05,12:00,161.931,162.346,161.689,162.334
2022.07.05,16:00,162.342,162.532,161.832,161.981
2022.07.05,20:00,161.979,162.41,161.608,161.845
2022.07.06,00:00,161.846,162.577,160.878,162.064
2022.07.06,04:00,162.063,162.299,160.753,160.93
2022.07.06,08:00,160.928,161.958,160.387,161.507
2022.07.06,12:00,161.507,162.24,161.309,162.018
2022.07.06,16:00,162.019,162.263,161.899,162.074
2022.07.06,20:00,162.074,162.297,161.575,162.156
2022.07.07,00:00,162.156,162.693,161.96,162.508
2022.07.07,04:00,162.508,163.431,162.419,162.479
2022.07.07,08:00,162.482,163.22,162.244,163.11
2022.07.07,12:00,163.11,163.623,163.056,163.532
2022.07.07,16:00,163.532,163.649,163.396,163.489
2022.07.07,20:00,163.489,163.927,162.749,163.023
2022.07.08,00:00,163.024,163.145,161.99,162.232
2022.07.08,04:00,162.233,163.121,161.815,162.965
2022.07.08,08:00,162.964,163.909,162.953,163.892
2022.07.08,12:00,163.892,163.901,163.549,163.696
2022.07.08,16:00,163.693,163.816,163.626,163.682
2022.07.10,16:00,163.495,163.953,163.473,163.782
2022.07.10,20:00,163.781,164.463,163.671,164.227
2022.07.11,00:00,164.228,164.34,163.486,163.599
2022.07.11,04:00,163.598,164.132,163.54,163.914
2022.07.11,08:00,163.913,164.152,163.035,163.427
2022.07.11,12:00,163.428,163.542,163.233,163.403
2022.07.11,16:00,163.403,163.543,163.299,163.505
2022.07.11,20:00,163.499,163.545,162.72,163.007
2022.07.12,00:00,163.002,163.195,162.404,162.599
2022.07.12,04:00,162.596,162.617,161.843,161.844
2022.07.12,08:00,161.844,162.787,161.824,162.716
2022.07.12,12:00,162.717,162.887,162.515,162.645
2022.07.12,16:00,162.645,162.723,162.348,162.401
2022.07.12,20:00,162.396,163.394,162.394,163.247
2022.07.13,00:00,163.249,163.716,162.932,163.132
2022.07.13,04:00,163.132,163.588,162.871,163.549
2022.07.13,08:00,163.554,164.114,162.852,163.658
2022.07.13,12:00,163.657,163.809,163.26,163.294
2022.07.13,16:00,163.295,163.433,163.072,163.276
2022.07.13,20:00,163.277,163.994,163.149,163.838
2022.07.14,00:00,163.84,165.147,163.785,165.037
2022.07.14,04:00,165.037,165.185,164.017,164.2
2022.07.14,08:00,164.202,164.672,163.729,164.29
2022.07.14,12:00,164.295,164.348,163.564,164.225
2022.07.14,16:00,164.222,164.574,164.202,164.553
2022.07.14,20:00,164.551,164.694,164.095,164.424
2022.07.15,00:00,164.422,164.49,163.644,164.363
2022.07.15,04:00,164.362,164.41,164.016,164.124
2022.07.15,08:00,164.125,164.542,163.991,164.317
2022.07.15,12:00,164.318,164.41,164.14,164.388
2022.07.15,16:00,164.389,164.418,164.284,164.284
2022.07.17,16:00,164.325,164.54,164.228,164.426
2022.07.17,20:00,164.426,164.732,164.16,164.58
2022.07.18,00:00,164.581,165.007,164.247,164.991
2022.07.18,04:00,164.989,165.788,164.722,165.504
2022.07.18,08:00,165.506,166.089,165.325,165.725
2022.07.18,12:00,165.726,165.767,164.918,165.047
2022.07.18,16:00,165.046,165.268,164.935,165.192
2022.07.18,20:00,165.193,165.303,164.728,164.78
2022.07.19,00:00,164.786,165.564,164.712,165.411
2022.07.19,04:00,165.411,165.601,165.198,165.344
2022.07.19,08:00,165.24,165.976,165.188,165.816
2022.07.19,12:00,165.816,165.874,165.651,165.842
2022.07.19,16:00,165.843,165.928,165.659,165.848
2022.07.19,20:00,165.848,166.239,165.651,166.058
2022.07.20,00:00,166.056,166.174,165.614,165.619
2022.07.20,04:00,165.615,166.188,165.34,165.396
2022.07.20,08:00,165.395,165.879,165.126,165.628
2022.07.20,12:00,165.631,165.664,165.27,165.515
2022.07.20,16:00,165.516,165.741,165.418,165.65
2022.07.20,20:00,165.651,165.977,165.411,165.649
2022.07.21,00:00,165.653,165.923,165.421,165.492
2022.07.21,04:00,165.495,165.951,165.105,165.412
2022.07.21,08:00,165.412,165.941,164.531,165.123
2022.07.21,12:00,165.122,165.123,164.535,164.753
2022.07.21,16:00,164.751,164.977,164.406,164.421
2022.07.21,20:00,164.423,164.861,164.349,164.682
2022.07.22,00:00,164.681,165.141,164.067,164.102
2022.07.22,04:00,164.101,164.662,163.567,163.627
2022.07.22,08:00,163.622,163.889,163.378,163.627
2022.07.22,12:00,163.627,163.629,162.994,163.148
2022.07.22,16:00,163.148,163.408,163.117,163.308
2022.07.24,16:00,163.231,163.602,163.106,163.403
2022.07.24,20:00,163.404,163.699,162.986,163.323
2022.07.25,00:00,163.323,163.647,163.109,163.591
2022.07.25,04:00,163.588,164.82,163.412,164.739
2022.07.25,08:00,164.737,165.085,164.283,164.615
2022.07.25,12:00,164.615,164.817,164.453,164.693
2022.07.25,16:00,164.694,164.734,164.28,164.416
2022.07.25,20:00,164.424,164.952,164.36,164.754
2022.07.26,00:00,164.754,164.96,164.413,164.591
2022.07.26,04:00,164.59,164.6,163.585,163.726
2022.07.26,08:00,163.725,164.626,163.466,164.423
2022.07.26,12:00,164.422,164.554,164.226,164.465
2022.07.26,16:00,164.473,164.889,164.467,164.837
2022.07.26,20:00,164.838,165.154,164.806,165.017
2022.07.27,00:00,165.019,165.286,164.873,165.077
2022.07.27,04:00,165.077,165.185,164.733,165.012
2022.07.27,08:00,165.012,165.281,164.789,165.153
2022.07.27,12:00,165.153,166.33,165.09,166.074
2022.07.27,16:00,166.073,166.11,165.485,165.537
2022.07.27,20:00,165.537,165.695,164.516,164.656
2022.07.28,00:00,164.657,165.211,164.57,165.177
2022.07.28,04:00,165.186,165.279,164.181,164.483
2022.07.28,08:00,164.482,164.544,162.856,163.031
2022.07.28,12:00,163.031,163.406,162.933,163.372
2022.07.28,16:00,163.373,163.719,163.309,163.598
2022.07.28,20:00,163.599,163.891,162.137,162.324
2022.07.29,00:00,162.322,162.643,161.943,162.165
2022.07.29,04:00,162.163,162.481,161.526,162.184
2022.07.29,08:00,162.187,162.686,161.881,162.279
2022.07.29,12:00,162.279,162.426,162.016,162.386
2022.07.29,16:00,162.382,162.405,162.165,162.226
2022.07.31,16:00,161.981,162.495,161.961,162.276
2022.07.31,20:00,162.276,162.314,161.031,161.509
2022.08.01,00:00,161.506,161.687,161.063,161.663
2022.08.01,04:00,161.661,162.08,161.556,161.89
2022.08.01,08:00,161.892,162.214,161.468,161.803
2022.08.01,12:00,161.804,161.916,161.292,161.338
2022.08.01,16:00,161.338,161.459,161.015,161.055
2022.08.01,20:00,161.054,161.223,160.014,160.372
2022.08.02,00:00,160.375,160.385,159.432,159.623
2022.08.02,04:00,159.623,160.144,159.522,160.024
2022.08.02,08:00,160.026,161.781,159.51,161.668
2022.08.02,12:00,161.669,161.965,161.424,161.908
2022.08.02,16:00,161.911,162.332,161.676,161.913
2022.08.02,20:00,161.912,162.675,161.547,161.591
2022.08.03,00:00,161.591,162.611,161.201,162.391
2022.08.03,04:00,162.389,162.717,161.919,162.692
2022.08.03,08:00,162.692,163.055,162.241,162.797
2022.08.03,12:00,162.797,163.001,162.409,162.688
2022.08.03,16:00,162.688,162.835,162.432,162.554
2022.08.03,20:00,162.551,162.761,162.253,162.552
2022.08.04,00:00,162.552,163.325,162.461,163.211
2022.08.04,04:00,163.211,163.927,161.443,161.687
2022.08.04,08:00,161.686,162.029,161.111,161.794
2022.08.04,12:00,161.795,162.018,161.582,161.684
2022.08.04,16:00,161.684,161.855,161.105,161.233
2022.08.04,20:00,161.235,161.836,161.172,161.769
2022.08.05,00:00,161.769,162.17,161.701,162.022
2022.08.05,04:00,162.023,162.043,161.281,161.621
2022.08.05,08:00,161.62,163.313,161.572,163.172
2022.08.05,12:00,163.174,163.362,162.794,162.975
2022.08.05,16:00,162.981,163.028,162.857,162.925
2022.08.07,16:00,162.867,163.187,162.794,162.887
2022.08.07,20:00,162.887,163.456,162.875,163.201
2022.08.08,00:00,163.2,163.836,163.151,163.56
2022.08.08,04:00,163.56,163.562,162.899,163.326
2022.08.08,08:00,163.329,163.507,162.828,162.96
2022.08.08,12:00,162.959,163.165,162.557,163.156
2022.08.08,16:00,163.158,163.158,162.911,162.945
2022.08.08,20:00,162.946,163.204,162.613,163.03
2022.08.09,00:00,163.029,163.284,162.692,163.045
2022.08.09,04:00,163.043,163.656,163.032,163.406
2022.08.09,08:00,163.408,163.663,163.017,163.117
2022.08.09,12:00,163.117,163.242,162.997,163.124
2022.08.09,16:00,163.124,163.212,162.888,163.198
2022.08.09,20:00,163.204,163.334,163.012,163.044
2022.08.10,00:00,163.047,163.229,162.96,163.111
2022.08.10,04:00,163.114,163.498,163.018,163.461
2022.08.10,08:00,163.461,163.58,161.671,162.316
2022.08.10,12:00,162.315,162.749,162.063,162.396
2022.08.10,16:00,162.401,162.452,162.132,162.159
2022.08.10,20:00,162.157,162.442,161.982,162.35
2022.08.11,00:00,162.352,162.401,161.89,161.895
2022.08.11,04:00,161.896,162.29,161.512,161.619
2022.08.11,08:00,161.619,162.325,161.254,162.235
2022.08.11,12:00,162.234,162.376,162.019,162.265
2022.08.11,16:00,162.264,162.402,162.109,162.194
2022.08.11,20:00,162.198,162.599,162.123,162.455
2022.08.12,00:00,162.456,162.784,162.206,162.314
2022.08.12,04:00,162.316,162.452,161.797,162.321
2022.08.12,08:00,162.323,162.381,161.807,162.032
2022.08.12,12:00,162.031,162.112,161.911,161.998
2022.08.12,16:00,162.001,162.036,161.884,161.898
2022.08.14,16:00,161.745,162.069,161.592,161.661
2022.08.14,20:00,161.666,161.808,161.336,161.445
2022.08.15,00:00,161.439,161.643,161.182,161.609
2022.08.15,04:00,161.606,161.617,160.618,160.927
2022.08.15,08:00,160.925,161.021,160.337,160.931
2022.08.15,12:00,160.934,160.968,160.576,160.679
2022.08.15,16:00,160.679,160.733,160.384,160.503
2022.08.15,20:00,160.501,160.859,160.077,160.652
2022.08.16,00:00,160.656,161.157,160.569,161.132
2022.08.16,04:00,161.133,161.627,160.997,161.547
2022.08.16,08:00,161.545,162.737,161.522,162.451
2022.08.16,12:00,162.452,162.514,162.138,162.298
2022.08.16,16:00,162.298,162.519,162.165,162.398
2022.08.16,20:00,162.398,162.648,162.165,162.393
2022.08.17,00:00,162.396,163.085,162.305,163.063
2022.08.17,04:00,163.062,163.38,162.872,163.253
2022.08.17,08:00,163.25,163.561,162.781,162.885
2022.08.17,12:00,162.886,163.212,162.613,162.705
2022.08.17,16:00,162.705,162.851,162.494,162.545
2022.08.17,20:00,162.548,162.679,162.356,162.546
2022.08.18,00:00,162.544,162.787,162.274,162.704
2022.08.18,04:00,162.704,163.236,162.585,162.612
2022.08.18,08:00,162.612,162.744,161.876,161.926
2022.08.18,12:00,161.929,162.266,161.678,162.192
2022.08.18,16:00,162.197,162.215,161.943,162.014
2022.08.18,20:00,162.014,162.451,162.014,162.41
2022.08.19,00:00,162.418,162.835,162.068,162.784
2022.08.19,04:00,162.783,162.814,161.849,162.137
2022.08.19,08:00,162.132,162.286,161.626,161.776
2022.08.19,12:00,161.776,161.908,161.639,161.815
2022.08.19,16:00,161.816,161.97,161.804,161.911
2022.08.21,16:00,161.714,162.027,161.71,161.94
2022.08.21,20:00,161.94,162.524,161.813,162.347
2022.08.22,00:00,162.346,162.388,161.254,161.387
2022.08.22,04:00,161.393,161.868,161.152,161.697
2022.08.22,08:00,161.696,162.177,161.579,161.636
2022.08.22,12:00,161.636,161.908,161.544,161.684
2022.08.22,16:00,161.689,161.891,161.632,161.855
2022.08.22,20:00,161.854,162.048,161.365,161.495
2022.08.23,00:00,161.496,161.644,160.795,161.496
2022.08.23,04:00,161.498,161.795,161.138,161.646
2022.08.23,08:00,161.645,162.304,161.192,161.509
2022.08.23,12:00,161.507,161.858,161.389,161.814
2022.08.23,16:00,161.813,161.897,161.688,161.754
2022.08.23,20:00,161.754,161.885,161.491,161.54
2022.08.24,00:00,161.536,161.803,161.151,161.488
2022.08.24,04:00,161.488,161.52,160.827,160.993
2022.08.24,08:00,160.993,161.765,160.924,161.572
2022.08.24,12:00,161.573,161.796,161.483,161.76
2022.08.24,16:00,161.758,161.798,161.397,161.625
2022.08.24,20:00,161.624,161.778,161.477,161.663
2022.08.25,00:00,161.66,161.984,161.562,161.602
2022.08.25,04:00,161.601,161.833,161.312,161.414
2022.08.25,08:00,161.415,161.907,161.327,161.469
2022.08.25,12:00,161.469,161.602,161.314,161.554
2022.08.25,16:00,161.551,161.583,161.38,161.438
2022.08.25,20:00,161.441,161.72,161.336,161.589
2022.08.26,00:00,161.588,161.678,161.383,161.579
2022.08.26,04:00,161.578,162.13,161.272,161.861
2022.08.26,08:00,161.861,162.678,161.345,161.389
2022.08.26,12:00,161.393,161.513,161.224,161.301
2022.08.26,16:00,161.3,161.652,161.25,161.638
2022.08.28,16:00,161.433,161.607,161.323,161.482
2022.08.28,20:00,161.481,161.768,161.447,161.688
2022.08.29,00:00,161.688,162.184,161.663,161.895
2022.08.29,04:00,161.894,162.167,161.585,162.116
2022.08.29,08:00,162.109,162.57,162.036,162.521
2022.08.29,12:00,162.523,162.637,162.321,162.331
2022.08.29,16:00,162.329,162.516,162.186,162.504
2022.08.29,20:00,162.501,162.546,161.95,162.145
2022.08.30,00:00,162.146,162.58,161.949,162.481
2022.08.30,04:00,162.481,162.564,161.801,161.913
2022.08.30,08:00,161.913,162.227,161.491,161.618
2022.08.30,12:00,161.62,161.868,161.562,161.679
2022.08.30,16:00,161.676,161.818,161.564,161.766
2022.08.30,20:00,161.767,161.852,161.541,161.83
2022.08.31,00:00,161.83,161.894,161.332,161.34
2022.08.31,04:00,161.339,161.601,161.101,161.261
2022.08.31,08:00,161.261,161.56,160.889,161.481
2022.08.31,12:00,161.485,161.508,161.075,161.341
2022.08.31,16:00,161.341,161.664,161.174,161.572
2022.08.31,20:00,161.573,161.703,161.326,161.54
2022.09.01,00:00,161.539,161.692,161.27,161.617
2022.09.01,04:00,161.619,161.669,160.964,161.034
2022.09.01,08:00,161.035,161.503,160.999,161.444
2022.09.01,12:00,161.439,161.827,161.383,161.799
2022.09.01,16:00,161.801,161.857,161.632,161.747
2022.09.01,20:00,161.753,161.88,161.617,161.852
2022.09.02,00:00,161.852,162.212,161.821,162.079
2022.09.02,04:00,162.079,162.485,162.026,162.33
2022.09.02,08:00,162.33,162.449,161.474,162.161
2022.09.02,12:00,162.178,162.2,161.143,161.393
2022.09.02,16:00,161.392,161.474,161.306,161.384
2022.09.04,16:00,160.915,161.272,160.729,161.23
2022.09.04,20:00,161.228,161.363,160.804,161.002
2022.09.05,00:00,161.002,161.346,160.655,161.339
2022.09.05,04:00,161.341,161.783,161.208,161.659
2022.09.05,08:00,161.661,161.918,161.421,161.798
2022.09.05,12:00,161.795,161.889,161.768,161.859
2022.09.05,16:00,161.859,162.519,161.797,162.395
2022.09.05,20:00,162.398,162.838,162.242,162.591
2022.09.06,00:00,162.593,164.294,162.516,163.95
2022.09.06,04:00,163.953,164.531,163.632,164.229
2022.09.06,08:00,164.229,165.085,164.128,165.065
2022.09.06,12:00,165.068,165.091,164.386,164.453
2022.09.06,16:00,164.452,165.251,164.3,164.771
2022.09.06,20:00,164.772,165.11,164.177,165.091
2022.09.07,00:00,165.093,165.728,165.027,165.681
2022.09.07,04:00,165.682,166.002,165.22,165.599
2022.09.07,08:00,165.595,165.825,165.194,165.59
2022.09.07,12:00,165.59,166.001,165.589,165.711
2022.09.07,16:00,165.712,166.304,165.592,166.014
2022.09.07,20:00,166.017,166.253,165.542,165.591
2022.09.08,00:00,165.591,165.807,164.983,165.202
2022.09.08,04:00,165.201,165.926,164.877,165.773
2022.09.08,08:00,165.774,165.874,165.254,165.422
2022.09.08,12:00,165.422,165.77,165.247,165.64
2022.09.08,16:00,165.639,165.831,165.577,165.738
2022.09.08,20:00,165.74,166.232,165.648,165.827
2022.09.09,00:00,165.827,165.834,165.151,165.575
2022.09.09,04:00,165.573,165.648,164.296,164.752
2022.09.09,08:00,164.756,165.249,164.604,165.219
2022.09.09,12:00,165.218,165.447,165.155,165.384
2022.09.09,16:00,165.384,165.399,165.144,165.197
2022.09.11,16:00,165.419,165.794,165.132,165.647
2022.09.11,20:00,165.647,166.106,165.375,165.964
2022.09.12,00:00,165.96,167.008,165.907,166.822
2022.09.12,04:00,166.82,167.033,166.443,166.636
2022.09.12,08:00,166.634,166.958,166.363,166.608
2022.09.12,12:00,166.608,166.819,166.414,166.758
2022.09.12,16:00,166.758,166.882,166.499,166.652
2022.09.12,20:00,166.654,167.001,166.409,166.552
2022.09.13,00:00,166.551,166.929,166.352,166.799
2022.09.13,04:00,166.804,166.914,166.39,166.639
2022.09.13,08:00,166.639,167.617,166.073,166.311
2022.09.13,12:00,166.313,166.583,166.002,166.137
2022.09.13,16:00,166.137,166.501,165.985,166.165
2022.09.13,20:00,166.165,166.423,165.804,166.15
2022.09.14,00:00,166.151,166.164,164.811,165.166
2022.09.14,04:00,165.166,165.846,164.995,165.529
2022.09.14,08:00,165.529,165.588,164.747,165.258
2022.09.14,12:00,165.262,165.516,165.039,165.235
2022.09.14,16:00,165.235,165.266,164.837,164.985
2022.09.14,20:00,164.984,165.45,164.79,165.368
2022.09.15,00:00,165.366,165.724,165.225,165.58
2022.09.15,04:00,165.58,165.683,164.788,164.953
2022.09.15,08:00,164.953,165.135,164.629,164.677
2022.09.15,12:00,164.676,164.873,164.466,164.529
2022.09.15,16:00,164.53,164.59,164.101,164.139
2022.09.15,20:00,164.14,164.492,163.929,164.326
2022.09.16,00:00,164.329,164.444,162.846,163.139
2022.09.16,04:00,163.139,163.44,162.731,163.083
2022.09.16,08:00,163.083,163.601,162.841,163.296
2022.09.16,12:00,163.298,163.308,162.801,163.254
2022.09.16,16:00,163.254,163.371,163.151,163.183
2022.09.18,16:00,163.076,163.426,163.059,163.218
2022.09.18,20:00,163.217,163.394,163.11,163.23
2022.09.19,00:00,163.229,163.443,163.13,163.293
2022.09.19,04:00,163.296,163.431,162.933,163.323
2022.09.19,08:00,163.324,163.653,162.984,163.426
2022.09.19,12:00,163.426,163.802,163.384,163.728
2022.09.19,16:00,163.729,163.936,163.579,163.857
2022.09.19,20:00,163.857,163.892,163.369,163.709
2022.09.20,00:00,163.71,164.396,163.671,164.38
2022.09.20,04:00,164.383,164.433,163.983,164.135
2022.09.20,08:00,164.134,164.19,163.713,163.782
2022.09.20,12:00,163.783,163.842,163.131,163.572
2022.09.20,16:00,163.569,163.614,163.337,163.408
2022.09.20,20:00,163.407,163.656,163.266,163.649
2022.09.21,00:00,163.65,163.936,162.304,162.95
2022.09.21,04:00,162.95,163.507,162.783,163.346
2022.09.21,08:00,163.345,163.461,163.052,163.306
2022.09.21,12:00,163.307,163.492,162.293,162.327
2022.09.21,16:00,162.322,162.711,162.061,162.366
2022.09.21,20:00,162.365,163.208,161.431,162.685
2022.09.22,00:00,162.685,164.379,162.601,164.323
2022.09.22,04:00,164.323,164.425,159.581,159.807
2022.09.22,08:00,159.807,160.33,159.106,160.186
2022.09.22,12:00,160.187,160.515,160.109,160.239
2022.09.22,16:00,160.242,160.444,160.111,160.224
2022.09.22,20:00,160.223,160.376,159.42,159.715
2022.09.23,00:00,159.715,159.893,158.844,159.112
2022.09.23,04:00,159.109,160.102,157.447,157.861
2022.09.23,08:00,157.859,158.428,155.987,156.353
2022.09.23,12:00,156.353,156.397,155.457,155.704
2022.09.23,16:00,155.704,155.785,155.366,155.366
2022.09.25,16:00,154.963,155.61,154.647,154.889
2022.09.25,20:00,154.889,155.168,148.819,151.118
2022.09.26,00:00,151.118,154.528,150.763,153.531
2022.09.26,04:00,153.53,156.235,153.431,155.409
2022.09.26,08:00,155.409,157.205,153.668,154.553
2022.09.26,12:00,154.553,154.917,153.686,154.646
2022.09.26,16:00,154.651,155.709,154.074,155.519
2022.09.26,20:00,155.537,155.837,155.167,155.609
2022.09.27,00:00,155.609,156.354,155.41,155.865
2022.09.27,04:00,155.862,156.347,155.626,155.835
2022.09.27,08:00,155.837,156.187,155.371,155.565
2022.09.27,12:00,155.567,155.579,154.34,155.231
2022.09.27,16:00,155.229,155.461,155.018,155.2
2022.09.27,20:00,155.198,155.318,153.778,154.209
2022.09.28,00:00,154.208,154.832,153.813,154.698
2022.09.28,04:00,154.698,156.656,152.536,153.123
2022.09.28,08:00,153.117,156.49,153.009,156.109
2022.09.28,12:00,156.113,157.079,155.77,156.817
2022.09.28,16:00,156.818,157.014,156.364,156.398
2022.09.28,20:00,156.401,156.427,155.598,155.817
2022.09.29,00:00,155.817,156.496,155.644,155.974
2022.09.29,04:00,155.974,157.642,155.819,157.262
2022.09.29,08:00,157.266,160.026,156.834,159.547
2022.09.29,12:00,159.549,160.242,159.499,159.993
2022.09.29,16:00,159.993,161.727,159.881,161.321
2022.09.29,20:00,161.321,161.709,160.208,160.371
2022.09.30,00:00,160.373,161.437,160.315,161.308
2022.09.30,04:00,161.312,162.164,159.421,159.689
2022.09.30,08:00,159.687,161.69,159.469,161.098
2022.09.30,12:00,161.1,161.82,160.669,161.606
2022.09.30,16:00,161.611,161.647,161.327,161.586
2022.10.02,16:00,161.442,161.916,161.094,161.225
2022.10.02,20:00,161.234,161.599,160.761,161.028
2022.10.03,00:00,161.025,163.279,160.557,162.519
2022.10.03,04:00,162.52,163.056,162.089,162.486
2022.10.03,08:00,162.485,163.49,162.31,162.841
2022.10.03,12:00,162.846,163.835,162.757,163.795
2022.10.03,16:00,163.793,163.882,163.49,163.852
2022.10.03,20:00,163.852,164.012,163.411,163.789
2022.10.04,00:00,163.79,165.2,163.631,164.786
2022.10.04,04:00,164.784,164.859,163.645,164.096
2022.10.04,08:00,164.098,165.289,164.041,165.167
2022.10.04,12:00,165.166,165.532,164.844,165.291
2022.10.04,16:00,165.291,165.569,164.61,164.707
2022.10.04,20:00,164.705,164.998,164.314,164.696
2022.10.05,00:00,164.697,165.708,164.626,164.746
2022.10.05,04:00,164.746,165.0,163.567,163.741
2022.10.05,08:00,163.742,163.944,162.595,163.156
2022.10.05,12:00,163.159,164.023,162.998,163.717
2022.10.05,16:00,163.719,164.023,163.384,164.012
2022.10.05,20:00,164.009,164.437,163.924,164.296
2022.10.06,00:00,164.3,164.3,163.538,163.771
2022.10.06,04:00,163.774,163.859,162.679,162.893
2022.10.06,08:00,162.894,163.244,161.331,161.342
2022.10.06,12:00,161.338,162.248,161.07,161.893
2022.10.06,16:00,161.893,162.069,161.665,161.877
2022.10.06,20:00,161.871,162.181,161.449,161.928
2022.10.07,00:00,161.928,162.145,161.24,161.831
2022.10.07,04:00,161.833,162.594,161.705,162.232
2022.10.07,08:00,162.234,162.53,161.03,161.375
2022.10.07,12:00,161.37,161.617,160.762,161.048
2022.10.07,16:00,161.049,161.324,160.801,161.112
2022.10.09,16:00,161.145,161.159,160.808,161.051
2022.10.09,20:00,161.051,161.548,160.945,161.122
2022.10.10,00:00,161.12,161.41,160.735,161.02
2022.10.10,04:00,161.014,161.424,160.456,161.045
2022.10.10,08:00,161.044,161.196,160.677,160.867
2022.10.10,12:00,160.869,161.399,160.644,161.117
2022.10.10,16:00,161.117,161.373,161.035,161.373
2022.10.10,20:00,161.379,161.635,160.629,160.84
2022.10.11,00:00,160.842,161.129,160.292,160.455
2022.10.11,04:00,160.455,161.576,160.426,161.419
2022.10.11,08:00,161.417,162.657,160.986,162.51
2022.10.11,12:00,162.508,162.59,159.959,160.206
2022.10.11,16:00,160.206,160.235,159.72,159.937
2022.10.11,20:00,159.942,160.391,159.804,160.029
2022.10.12,00:00,160.028,161.477,160.019,160.379
2022.10.12,04:00,160.381,162.431,160.35,162.012
2022.10.12,08:00,162.013,163.059,161.741,162.925
2022.10.12,12:00,162.926,163.311,162.471,162.898
2022.10.12,16:00,162.897,163.08,162.74,162.92
2022.10.12,20:00,162.919,163.171,162.641,162.646
2022.10.13,00:00,162.649,162.86,162.308,162.804
2022.10.13,04:00,162.808,165.647,162.584,165.2
2022.10.13,08:00,165.204,167.045,164.101,166.893
2022.10.13,12:00,166.896,167.271,166.37,166.64
2022.10.13,16:00,166.64,166.914,166.416,166.471
2022.10.13,20:00,166.469,167.206,166.35,166.922
2022.10.14,00:00,166.921,167.05,166.051,166.751
2022.10.14,04:00,166.729,166.929,165.027,165.446
2022.10.14,08:00,165.446,167.114,165.248,166.357
2022.10.14,12:00,166.358,166.563,165.864,166.215
2022.10.14,16:00,166.214,166.318,166.01,166.261
2022.10.16,16:00,166.62,167.144,166.48,167.077
2022.10.16,20:00,167.078,167.144,166.616,166.988
2022.10.17,00:00,166.979,168.032,166.806,167.337
2022.10.17,04:00,167.339,168.399,166.954,168.107
2022.10.17,08:00,168.106,170.058,168.049,169.889
2022.10.17,12:00,169.889,169.971,168.952,169.18
2022.10.17,16:00,169.175,169.349,168.987,169.096
2022.10.17,20:00,169.096,169.375,168.624,169.327
2022.10.18,00:00,169.327,169.793,168.435,169.143
2022.10.18,04:00,169.139,169.167,167.564,168.614
2022.10.18,08:00,168.616,168.977,168.299,168.693
2022.10.18,12:00,168.693,168.996,168.368,168.963
2022.10.18,16:00,168.959,169.359,168.768,169.23
2022.10.18,20:00,169.228,169.295,169.013,169.096
2022.10.19,00:00,169.096,169.126,168.289,168.415
2022.10.19,04:00,168.42,168.647,167.966,168.266
2022.10.19,08:00,168.265,168.782,168.035,168.214
2022.10.19,12:00,168.214,168.273,167.615,168.23
2022.10.19,16:00,168.224,168.247,167.775,167.892
2022.10.19,20:00,167.89,168.146,167.769,167.901
2022.10.20,00:00,167.9,168.463,167.858,168.095
2022.10.20,04:00,168.096,168.714,167.408,168.553
2022.10.20,08:00,168.556,169.72,168.422,169.078
2022.10.20,12:00,169.084,169.093,168.326,168.512
2022.10.20,16:00,168.515,168.724,168.328,168.505
2022.10.20,20:00,168.51,168.565,168.145,168.383
2022.10.21,00:00,168.383,168.736,168.058,168.21
2022.10.21,04:00,168.204,168.783,167.698,168.313
2022.10.21,08:00,168.315,169.563,164.939,165.15
2022.10.21,12:00,165.161,167.166,165.01,166.838
2022.10.21,16:00,166.838,167.001,166.316,166.696
2022.10.23,16:00,168.088,169.791,165.452,167.323
2022.10.23,20:00,167.324,168.806,167.241,168.294
2022.10.24,00:00,168.295,169.492,168.295,169.035
2022.10.24,04:00,169.041,169.451,167.78,168.489
2022.10.24,08:00,168.491,168.84,167.804,167.975
2022.10.24,12:00,167.977,168.187,167.578,168.021
2022.10.24,16:00,168.022,168.385,167.686,168.318
2022.10.24,20:00,168.317,168.688,167.949,168.206
2022.10.25,00:00,168.208,168.352,167.835,168.172
2022.10.25,04:00,168.171,168.908,168.132,168.449
2022.10.25,08:00,168.444,169.934,168.335,169.539
2022.10.25,12:00,169.538,169.898,169.453,169.679
2022.10.25,16:00,169.677,169.939,169.524,169.543
2022.10.25,20:00,169.54,169.962,169.365,169.844
2022.10.26,00:00,169.848,170.402,169.31,170.155
2022.10.26,04:00,170.154,170.59,169.932,170.085
2022.10.26,08:00,170.08,170.303,169.559,170.129
2022.10.26,12:00,170.129,170.302,169.811,170.131
2022.10.26,16:00,170.129,170.254,169.787,170.017
2022.10.26,20:00,170.016,170.055,169.605,169.645
2022.10.27,00:00,169.641,169.721,168.718,168.908
2022.10.27,04:00,168.909,169.883,168.886,169.863
2022.10.27,08:00,169.865,170.011,168.772,168.968
2022.10.27,12:00,168.973,169.348,168.891,169.229
2022.10.27,16:00,169.229,169.298,168.755,169.151
2022.10.27,20:00,169.151,169.924,168.97,169.186
2022.10.28,00:00,169.187,169.428,168.867,169.342
2022.10.28,04:00,169.344,170.462,169.313,170.354
2022.10.28,08:00,170.355,171.051,170.039,170.898
2022.10.28,12:00,170.898,171.349,170.701,171.254
2022.10.28,16:00,171.25,171.357,171.18,171.254
2022.10.30,16:00,170.823,172.113,170.811,172.029
2022.10.30,20:00,172.029,172.063,171.547,171.593
2022.10.31,00:00,171.592,171.599,171.132,171.171
2022.10.31,04:00,171.169,171.727,171.071,171.137
2022.10.31,08:00,171.137,171.336,170.61,170.672
2022.10.31,12:00,170.67,170.73,170.332,170.508
2022.10.31,16:00,170.417,170.809,170.417,170.738
2022.10.31,20:00,170.739,170.771,170.309,170.751
2022.11.01,00:00,170.75,170.944,170.076,170.096
2022.11.01,04:00,170.097,170.302,169.654,169.849
2022.11.01,08:00,169.858,170.478,169.469,169.642
2022.11.01,12:00,169.642,170.26,169.589,170.179
2022.11.01,16:00,170.155,170.311,169.365,169.408
2022.11.01,20:00,169.409,169.974,169.315,169.835
2022.11.02,00:00,169.835,169.928,169.174,169.392
2022.11.02,04:00,169.392,169.444,168.941,169.284
2022.11.02,08:00,169.284,169.333,168.457,168.551
2022.11.02,12:00,168.552,168.989,168.283,168.459
2022.11.02,16:00,168.339,168.555,167.863,167.872
2022.11.02,20:00,167.874,168.211,167.868,168.117
2022.11.03,00:00,168.111,168.208,166.686,166.746
2022.11.03,04:00,166.743,167.162,165.623,165.687
2022.11.03,08:00,165.693,166.032,165.09,165.764
2022.11.03,12:00,165.764,165.831,165.358,165.373
2022.11.03,16:00,165.26,165.908,165.119,165.729
2022.11.03,20:00,165.733,166.263,165.474,166.102
2022.11.04,00:00,166.103,166.2,165.393,165.779
2022.11.04,04:00,165.758,166.114,165.08,165.829
2022.11.04,08:00,165.829,166.366,165.538,166.213
2022.11.04,12:00,166.213,166.967,166.171,166.814
2022.11.06,16:00,166.13,166.637,165.811,166.551
2022.11.06,20:00,166.555,166.821,166.378,166.75
2022.11.07,00:00,166.75,167.864,166.563,167.752
2022.11.07,04:00,167.751,168.247,167.612,167.815
2022.11.07,08:00,167.814,168.11,167.545,168.052
2022.11.07,12:00,168.047,169.082,168.026,168.734
2022.11.07,16:00,168.735,169.013,168.51,168.978
2022.11.07,20:00,168.979,169.062,168.512,168.559
2022.11.08,00:00,168.56,168.644,167.925,167.925
2022.11.08,04:00,167.926,168.079,167.473,167.514
2022.11.08,08:00,167.515,168.578,167.295,168.528
2022.11.08,12:00,168.528,168.647,167.735,167.988
2022.11.08,16:00,167.981,168.211,167.639,167.976
2022.11.08,20:00,167.976,168.094,167.79,168.013
2022.11.09,00:00,168.014,168.31,167.608,167.848
2022.11.09,04:00,167.849,167.898,166.493,166.99
2022.11.09,08:00,166.99,167.333,166.26,166.518
2022.11.09,12:00,166.515,166.605,165.951,166.28
2022.11.09,16:00,166.281,166.42,166.123,166.394
2022.11.09,20:00,166.39,166.706,166.327,166.694
2022.11.10,00:00,166.695,166.761,166.359,166.531
2022.11.10,04:00,166.532,166.939,166.338,166.614
2022.11.10,08:00,166.614,167.444,165.196,165.517
2022.11.10,12:00,165.519,165.923,165.322,165.428
2022.11.10,16:00,165.432,165.998,164.355,165.441
2022.11.10,20:00,165.447,166.083,165.425,165.549
2022.11.11,00:00,165.546,165.935,165.384,165.448
2022.11.11,04:00,165.449,165.449,163.022,164.347
2022.11.11,08:00,164.347,164.478,163.451,163.902
2022.11.11,12:00,163.905,164.248,163.621,164.248
2022.11.11,16:00,164.245,164.301,164.129,164.176
2022.11.13,16:00,164.169,164.967,163.956,164.283
2022.11.13,20:00,164.284,164.42,163.747,163.932
2022.11.14,00:00,163.932,165.3,163.676,165.271
2022.11.14,04:00,165.27,165.698,165.063,165.517
2022.11.14,08:00,165.518,165.602,164.525,164.67
2022.11.14,12:00,164.667,165.128,164.147,164.189
2022.11.14,16:00,164.194,165.061,164.194,164.859
2022.11.14,20:00,164.867,165.33,164.75,165.129
2022.11.15,00:00,165.131,165.549,164.509,165.153
2022.11.15,04:00,165.151,165.89,164.555,165.857
2022.11.15,08:00,165.832,166.19,165.036,165.653
2022.11.15,12:00,165.652,165.752,164.409,165.079
2022.11.15,16:00,165.076,165.373,164.679,165.101
2022.11.15,20:00,165.1,166.239,165.061,165.773
2022.11.16,00:00,165.778,166.191,165.433,165.937
2022.11.16,04:00,165.941,166.326,165.53,166.04
2022.11.16,08:00,166.037,166.378,165.033,165.932
2022.11.16,12:00,165.932,166.194,165.705,166.138
2022.11.16,16:00,166.137,166.307,165.91,166.025
2022.11.16,20:00,166.027,166.082,165.684,165.842
2022.11.17,00:00,165.84,166.307,165.783,166.24
2022.11.17,04:00,166.238,166.312,165.256,165.63
2022.11.17,08:00,165.636,165.887,165.165,165.865
2022.11.17,12:00,165.86,166.309,165.86,166.298
2022.11.17,16:00,166.302,166.826,166.19,166.803
2022.11.17,20:00,166.803,166.828,166.3,166.332
2022.11.18,00:00,166.332,166.989,166.245,166.914
2022.11.18,04:00,166.915,167.308,166.38,166.554
2022.11.18,08:00,166.553,166.934,166.112,166.634
2022.11.18,12:00,166.634,166.976,166.493,166.839
2022.11.18,16:00,166.839,166.877,166.752,166.778
2022.11.20,16:00,166.843,166.976,166.423,166.47
2022.11.20,20:00,166.47,166.511,166.186,166.196
2022.11.21,00:00,166.196,166.93,166.09,166.755
2022.11.21,04:00,166.756,167.647,166.71,167.592
2022.11.21,08:00,167.591,167.656,166.998,167.27
2022.11.21,12:00,167.27,167.989,167.249,167.925
2022.11.21,16:00,167.923,168.283,167.722,168.138
2022.11.21,20:00,168.134,168.197,167.912,167.978
2022.11.22,00:00,167.977,168.086,167.593,167.68
2022.11.22,04:00,167.678,167.965,167.332,167.919
2022.11.22,08:00,167.925,168.179,167.665,167.824
2022.11.22,12:00,167.828,167.907,167.685,167.895
2022.11.22,16:00,167.895,167.939,167.618,167.802
2022.11.22,20:00,167.802,168.022,167.789,167.978
2022.11.23,00:00,167.975,168.166,167.761,168.015
2022.11.23,04:00,168.018,168.987,167.984,168.689
2022.11.23,08:00,168.689,168.993,168.144,168.24
2022.11.23,12:00,168.236,168.381,167.904,168.294
2022.11.23,16:00,168.296,168.352,167.885,168.054
2022.11.23,20:00,168.051,168.061,167.644,167.981
2022.11.24,00:00,167.984,168.091,167.499,167.618
2022.11.24,04:00,167.62,167.834,167.147,167.485
2022.11.24,08:00,167.484,168.014,167.343,167.782
2022.11.24,12:00,167.786,167.92,167.617,167.859
2022.11.24,16:00,167.859,168.283,167.615,168.143
2022.11.24,20:00,168.145,168.299,167.777,167.837
2022.11.25,00:00,167.84,168.147,167.626,168.101
2022.11.25,04:00,168.101,168.782,168.012,168.384
2022.11.25,08:00,168.383,168.54,168.078,168.418
2022.11.25,12:00,168.422,168.506,167.797,168.147
2022.11.25,16:00,168.17,168.322,167.862,168.067
2022.11.27,16:00,167.991,168.184,167.598,167.767
2022.11.27,20:00,167.767,167.774,166.583,166.965
2022.11.28,00:00,166.964,167.049,166.269,166.624
2022.11.28,04:00,166.622,167.353,166.404,167.202
2022.11.28,08:00,167.201,167.432,166.775,166.912
2022.11.28,12:00,166.915,166.96,165.828,165.999
2022.11.28,16:00,166.001,166.255,165.802,166.057
2022.11.28,20:00,166.055,166.607,166.038,166.431
2022.11.29,00:00,166.428,166.664,165.869,166.407
2022.11.29,04:00,166.41,166.477,165.513,166.009
2022.11.29,08:00,166.01,166.341,165.582,165.841
2022.11.29,12:00,165.84,165.973,165.58,165.792
2022.11.29,16:00,165.798,166.212,165.561,165.997
2022.11.29,20:00,166.0,166.255,165.867,166.101
2022.11.30,00:00,166.099,166.19,165.442,166.165
2022.11.30,04:00,166.168,166.943,166.166,166.611
2022.11.30,08:00,166.611,167.39,166.047,166.602
2022.11.30,12:00,166.601,166.637,165.967,166.456
2022.11.30,16:00,166.455,166.553,165.455,165.538
2022.11.30,20:00,165.54,165.553,165.053,165.335
2022.12.01,00:00,165.339,165.385,164.501,165.209
2022.12.01,04:00,165.209,166.102,165.163,166.066
2022.12.01,08:00,166.064,167.216,165.855,166.039
2022.12.01,12:00,166.042,166.173,165.551,165.652
2022.12.01,16:00,165.648,165.913,165.549,165.772
2022.12.01,20:00,165.771,165.774,165.257,165.455
2022.12.02,00:00,165.455,165.494,164.19,164.27
2022.12.02,04:00,164.269,164.799,164.024,164.772
2022.12.02,08:00,164.771,165.975,164.335,165.767
2022.12.02,12:00,165.774,165.83,164.876,164.958
2022.12.02,16:00,164.963,165.141,164.862,165.05
2022.12.04,16:00,164.847,165.658,164.696,165.495
2022.12.04,20:00,165.495,165.9,165.31,165.744
2022.12.05,00:00,165.747,166.333,165.585,166.216
2022.12.05,04:00,166.215,166.384,165.575,166.297
2022.12.05,08:00,166.296,166.57,165.991,166.139
2022.12.05,12:00,166.137,166.656,166.126,166.626
2022.12.05,16:00,166.623,166.822,166.316,166.701
2022.12.05,20:00,166.701,167.272,166.551,166.84
2022.12.06,00:00,166.842,167.48,166.429,166.439
2022.12.06,04:00,166.439,166.687,166.147,166.348
2022.12.06,08:00,166.345,167.247,166.128,166.751
2022.12.06,12:00,166.753,166.836,166.153,166.236
2022.12.06,16:00,166.235,166.486,165.947,166.366
2022.12.06,20:00,166.364,166.736,166.168,166.696
2022.12.07,00:00,166.696,167.175,166.448,167.037
2022.12.07,04:00,167.036,167.413,166.653,167.271
2022.12.07,08:00,167.271,167.313,166.3,166.504
2022.12.07,12:00,166.504,166.735,166.394,166.613
2022.12.07,16:00,166.614,166.791,166.358,166.635
2022.12.07,20:00,166.637,167.168,166.585,166.861
2022.12.08,00:00,166.86,167.08,166.568,166.609
2022.12.08,04:00,166.61,166.848,166.273,166.518
2022.12.08,08:00,166.518,167.026,166.482,166.917
2022.12.08,12:00,166.916,167.331,166.825,167.273
2022.12.08,16:00,167.271,167.396,166.963,167.216
2022.12.08,20:00,167.217,167.244,166.607,166.868
2022.12.09,00:00,166.869,167.188,166.679,166.762
2022.12.09,04:00,166.763,166.96,166.481,166.759
2022.12.09,08:00,166.76,168.048,166.141,167.891
2022.12.09,12:00,167.893,167.893,167.372,167.532
2022.12.09,16:00,167.531,167.547,167.372,167.508
2022.12.11,16:00,167.2,167.484,167.1,167.22
2022.12.11,20:00,167.215,167.514,167.116,167.478
2022.12.12,00:00,167.474,167.845,167.063,167.709
2022.12.12,04:00,167.709,168.376,167.671,168.314
2022.12.12,08:00,168.314,168.975,168.077,168.844
2022.12.12,12:00,168.845,169.015,168.673,168.982
2022.12.12,16:00,168.979,169.123,168.324,169.11
2022.12.12,20:00,169.111,169.176,168.743,168.9
2022.12.13,00:00,168.907,169.267,168.483,168.848
2022.12.13,04:00,168.85,169.213,168.638,168.915
2022.12.13,08:00,168.913,169.053,167.097,167.211
2022.12.13,12:00,167.209,167.732,167.088,167.632
2022.12.13,16:00,167.633,167.737,167.119,167.253
2022.12.13,20:00,167.255,167.56,167.173,167.377
2022.12.14,00:00,167.376,167.629,167.203,167.377
2022.12.14,04:00,167.381,167.652,166.822,166.919
2022.12.14,08:00,166.922,167.575,166.714,167.441
2022.12.14,12:00,167.44,168.222,167.309,168.027
2022.12.14,16:00,168.025,168.372,167.979,168.131
2022.12.14,20:00,168.128,168.145,167.825,168.022
2022.12.15,00:00,168.023,168.393,167.962,168.053
2022.12.15,04:00,168.05,168.833,167.787,168.048
2022.12.15,08:00,168.051,168.475,167.891,168.316
2022.12.15,12:00,168.312,168.323,167.62,167.63
2022.12.15,16:00,167.628,167.998,167.617,167.731
2022.12.15,20:00,167.733,167.766,167.375,167.519
2022.12.16,00:00,167.519,167.725,166.562,166.569
2022.12.16,04:00,166.567,167.361,166.114,166.823
2022.12.16,08:00,166.825,167.431,165.982,166.133
2022.12.16,12:00,166.13,166.509,166.025,166.241
2022.12.16,16:00,166.238,166.253,165.91,165.91
2022.12.18,16:00,165.092,166.08,165.031,165.725
2022.12.18,20:00,165.726,166.124,165.517,165.846
2022.12.19,00:00,165.85,165.943,165.478,165.881
2022.12.19,04:00,165.881,166.434,165.83,166.074
2022.12.19,08:00,166.081,166.895,165.934,166.7
2022.12.19,12:00,166.697,166.731,166.203,166.369
2022.12.19,16:00,166.372,166.782,166.05,166.755
2022.12.19,20:00,166.756,167.009,161.503,161.862
2022.12.20,00:00,161.865,162.253,160.589,161.081
2022.12.20,04:00,161.082,161.476,160.281,160.963
2022.12.20,08:00,160.964,161.097,159.065,159.171
2022.12.20,12:00,159.168,160.446,158.583,160.384
2022.12.20,16:00,160.385,160.862,160.018,160.277
2022.12.20,20:00,160.276,160.982,160.206,160.838
2022.12.21,00:00,160.834,161.026,159.85,159.865
2022.12.21,04:00,159.868,160.045,159.461,159.929
2022.12.21,08:00,159.929,160.863,159.607,159.768
2022.12.21,12:00,159.769,159.974,159.538,159.968
2022.12.21,16:00,159.962,160.064,159.633,159.8
2022.12.21,20:00,159.799,159.928,159.425,159.684
2022.12.22,00:00,159.685,160.242,159.628,159.911
2022.12.22,04:00,159.911,160.057,159.018,159.238
2022.12.22,08:00,159.24,159.352,158.785,159.186
2022.12.22,12:00,159.184,159.491,158.952,159.366
2022.12.22,16:00,159.369,159.553,158.91,159.327
2022.12.22,20:00,159.34,159.918,159.269,159.774
2022.12.23,00:00,159.773,160.059,159.527,159.791
2022.12.23,04:00,159.79,160.35,159.677,160.092
2022.12.23,08:00,160.091,160.518,159.762,159.99
2022.12.23,12:00,159.988,160.215,159.77,160.034
2022.12.23,16:00,160.031,160.076,159.936,159.969
2022.12.25,16:00,159.999,160.128,159.466,159.618
2022.12.25,20:00,159.618,159.99,159.596,159.901
2022.12.26,00:00,159.899,160.148,159.66,160.066
2022.12.26,04:00,160.056,160.757,160.036,160.606
2022.12.26,08:00,160.601,160.632,160.201,160.204
2022.12.26,12:00,160.204,160.328,160.116,160.145
2022.12.26,16:00,160.22,160.799,160.028,160.649
2022.12.26,20:00,160.652,160.843,160.472,160.616
2022.12.27,00:00,160.62,160.924,160.465,160.649
2022.12.27,04:00,160.651,160.94,160.252,160.298
2022.12.27,08:00,160.3,160.6,160.185,160.518
2022.12.27,12:00,160.514,160.635,160.25,160.611
2022.12.27,16:00,160.61,160.834,160.166,160.707
2022.12.27,20:00,160.708,161.383,160.706,161.09
2022.12.28,00:00,161.085,161.449,160.971,161.165
2022.12.28,04:00,161.169,161.798,161.158,161.387
2022.12.28,08:00,161.387,162.333,161.369,161.548
2022.12.28,12:00,161.544,161.69,161.333,161.6
2022.12.28,16:00,161.599,161.678,161.133,161.317
2022.12.28,20:00,161.315,161.4,160.736,160.833
2022.12.29,00:00,160.831,161.07,160.709,160.85
2022.12.29,04:00,160.848,161.165,160.743,160.824
2022.12.29,08:00,160.823,160.847,160.045,160.573
2022.12.29,12:00,160.571,160.697,160.348,160.508
2022.12.29,16:00,160.507,160.52,159.724,159.796
2022.12.29,20:00,159.794,159.905,159.681,159.787
2022.12.30,00:00,159.788,159.816,158.755,158.797
2022.12.30,04:00,158.799,159.046,158.434,158.636
2022.12.30,08:00,158.635,159.433,158.536,159.163
2022.12.30,12:00,159.16,159.2,157.819,158.681
2022.12.30,16:00,158.684,158.687,158.451,158.596
